PathFileType	4	(X/Y/Z)	
DataRate	CameraRate	NumFrames	NumMarkers	Units	OrigDataRate	OrigDataStartFrame	OrigNumFrames
100	100	110	41	m	100	0	110
Frame#	Time	LELB			LSHO			RSHO			LUPA			LBHD			RUPA			RBHD			C7			RWRB			LWRB			RELB			RBAK			LANK			LKNE			LPSI			T10			LBTO			RPSI			RKNE			LTIB			RTIB			LTHI			RBTO			RTOE			RANK			RHEE			RTHI			LHEE			LFRM			LWRA			RFRM			LFIN			RFIN			RFHD			RWRA			RASI			LTOE			STRN			CLAV			LASI			LFHD			
		X1	Y1	Z1	X2	Y2	Z2	X3	Y3	Z3	X4	Y4	Z4	X5	Y5	Z5	X6	Y6	Z6	X7	Y7	Z7	X8	Y8	Z8	X9	Y9	Z9	X10	Y10	Z10	X11	Y11	Z11	X12	Y12	Z12	X13	Y13	Z13	X14	Y14	Z14	X15	Y15	Z15	X16	Y16	Z16	X17	Y17	Z17	X18	Y18	Z18	X19	Y19	Z19	X20	Y20	Z20	X21	Y21	Z21	X22	Y22	Z22	X23	Y23	Z23	X24	Y24	Z24	X25	Y25	Z25	X26	Y26	Z26	X27	Y27	Z27	X28	Y28	Z28	X29	Y29	Z29	X30	Y30	Z30	X31	Y31	Z31	X32	Y32	Z32	X33	Y33	Z33	X34	Y34	Z34	X35	Y35	Z35	X36	Y36	Z36	X37	Y37	Z37	X38	Y38	Z38	X39	Y39	Z39	X40	Y40	Z40	X41	Y41	Z41	X42	Y42	Z42	X43	Y43	Z43	

1	0	0.535911743164063	1.14471203613281	-1.171232421875	0.455058471679687	1.48430078125	-1.17153564453125	0.0753414459228516	1.48882495117187	-1.1661025390625	0.499761627197266	1.34041137695312	-1.17716027832031	0.345091064453125	1.62418615722656	-1.17747631835938	0.00195190095901489	1.22475756835937	-1.14816967773438	0.193485931396484	1.63278405761719	-1.17813500976563	0.260096466064453	1.5279833984375	-1.22977685546875	0.0177175445556641	0.871516845703125	-1.046943359375	0.545243225097656	0.864261901855469	-1.17442797851563	-0.0138683128356934	1.13196203613281	-1.12707299804687	0.115505332946777	1.42943481445313	-1.26475	0.364277130126953	0.0692663650512696	-0.861938781738281	0.406484497070313	0.513320251464844	-0.999531555175781	0.294470458984375	1.06476110839844	-1.28495532226562	0.271893493652344	1.2489169921875	-1.30570764160156	0.334192626953125	0.113307884216309	-0.652689697265625	0.228335983276367	1.05982543945313	-1.27584326171875	0.141423324584961	0.495495452880859	-1.30779187011719	0.411294952392578	0.362261840820313	-0.948948974609375	0.140711288452148	0.355635467529297	-1.39182824707031	0.431703399658203	0.667667175292969	-1.04341772460937	0.220198516845703	0.0293753471374513	-1.33039318847656	0.201110702514648	0.033240650177002	-1.38846655273438	0.204331405639648	0.104389068603516	-1.52687927246094	0.252916870117187	0.0928149642944337	-1.59188061523437	0.117271629333496	0.642973327636719	-1.23232043457031	0.326407196044922	0.0169626598358155	-0.910603515625	0.537250854492187	0.899984619140625	-1.13018371582031	0.490802612304688	0.865056884765625	-1.11932873535156	0.0136059741973877	0.928043090820313	-1.02980639648438	0.534192810058594	0.787468566894531	-1.08708154296875	0.0374341239929199	0.811725708007813	-0.942987854003906	0.206660125732422	1.70578918457031	-1.04440087890625	0.0734231948852539	0.897657104492188	-0.997682250976562	0.130693496704102	1.01684375	-1.09597839355469	0.355953552246094	0.0936561431884766	-0.708058898925781	0.275155120849609	1.25804333496094	-1.06541918945313	0.268022277832031	1.3907412109375	-1.08527734375	0.3946875	1.02704919433594	-1.11184033203125	0.332778381347656	1.69826123046875	-1.0395205078125
2	0.01	0.536646240234375	1.14361279296875	-1.16884049595824	0.456965362548828	1.48364086914063	-1.16968424595824	0.0770380706787109	1.48869714355469	-1.16448698033324	0.501313842773437	1.33965380859375	-1.17531290806762	0.347041778564453	1.62386145019531	-1.17579484166137	0.0035044002532959	1.22461743164063	-1.14716068638793	0.195505752563477	1.63259484863281	-1.17667667759887	0.262025848388672	1.52756921386719	-1.22832303990355	0.0182133045196533	0.871023132324219	-1.04672562779418	0.545928161621094	0.863208251953125	-1.17354728306762	-0.0124936647415161	1.13177758789063	-1.12621085728637	0.117300224304199	1.42905334472656	-1.26297306431762	0.362694580078125	0.0693528671264649	-0.869871990098866	0.406616729736328	0.512514770507813	-0.994459514512928	0.294977203369141	1.06418591308594	-1.28146097935668	0.273469055175781	1.24821423339844	-1.30289603795043	0.331523803710937	0.0982690811157227	-0.655218242540272	0.229194519042969	1.05919763183594	-1.27239603795043	0.140330307006836	0.495115814208984	-1.30439054478637	0.408816925048828	0.359477844238281	-0.949491374864491	0.139303161621094	0.357511138916016	-1.39211136998168	0.430746826171875	0.667848999023438	-1.03775663365355	0.220261016845703	0.02937970161438	-1.34238383091918	0.200974868774414	0.0330227508544923	-1.40003495396605	0.202547866821289	0.110265922546387	-1.53478165806762	0.251707855224609	0.101347496032715	-1.59978629673949	0.117020431518555	0.642411376953125	-1.22877457798949	0.325879669189453	0.0204688014984131	-0.919930583848866	0.53791162109375	0.898615783691406	-1.12909562291137	0.49133984375	0.863708435058594	-1.11823331822387	0.0141819276809692	0.927474914550781	-1.02946158970824	0.534910705566406	0.7857001953125	-1.08679862584105	0.0374941253662109	0.810792663574219	-0.943012493028553	0.208581390380859	1.70587915039062	-1.04310331334105	0.073835823059082	0.896855651855469	-0.997196697130116	0.131464462280273	1.01633868408203	-1.09254484166137	0.35372705078125	0.0833099822998047	-0.712443340196522	0.276565521240234	1.25820422363281	-1.06264213170043	0.269615814208984	1.39076037597656	-1.08306351841918	0.395543670654297	1.02730419921875	-1.10780070103637	0.3348046875	1.69828125	-1.0381350516223
3	0.02	0.537535217285156	1.14288146972656	-1.16637972238523	0.458880798339844	1.48335327148438	-1.16782772043211	0.0787069396972656	1.4889755859375	-1.16284273508054	0.502803955078125	1.33914147949219	-1.17329756906492	0.349103912353516	1.62411206054688	-1.17400106027586	0.00512393856048584	1.22484375	-1.14620235422117	0.197627380371094	1.63295825195312	-1.17514852121336	0.263980590820312	1.52799755859375	-1.22658663156492	0.0186115398406982	0.870700866699219	-1.0468652570532	0.546520935058594	0.862521789550781	-1.17253841379148	-0.011052960395813	1.13194360351562	-1.12543086984617	0.119260116577148	1.42928674316406	-1.26132576730711	0.363107086181641	0.0722801513671876	-0.87302004220945	0.406533325195312	0.513083435058594	-0.990928367404763	0.295320037841797	1.06464978027344	-1.27807393625242	0.274928405761719	1.24840832519531	-1.30017317941648	0.3305419921875	0.0906158676147461	-0.659791892795388	0.230012191772461	1.0591650390625	-1.26891963937742	0.139540069580078	0.494935119628906	-1.30014754465086	0.406306732177734	0.358020385742188	-0.950275169162575	0.138197418212891	0.359438446044922	-1.39171480539304	0.430223693847656	0.668697692871094	-1.03386141183836	0.22022233581543	0.0294857559204102	-1.35441536691648	0.200759231567383	0.0329799232482911	-1.41147762277586	0.200662322998047	0.116753227233887	-1.54183492258054	0.250014617919922	0.111288833618164	-1.60649507883054	0.117224739074707	0.641565246582031	-1.22419698312742	0.326903594970703	0.0240172443389893	-0.927373801975075	0.538556945800781	0.897617797851563	-1.12786544015867	0.491901000976563	0.862708801269531	-1.11703279855711	0.014733286857605	0.927102905273438	-1.02935164621336	0.535544616699219	0.784358093261719	-1.08634419992429	0.0374562530517578	0.810019348144531	-0.943475974826638	0.210514709472656	1.70666528320313	-1.04178047922117	0.074197151184082	0.896144836425781	-0.996980369357888	0.132235763549805	1.01616931152344	-1.08907698801023	0.351955322265625	0.0775962371826172	-0.716521751193825	0.278011932373047	1.25902221679687	-1.05977181222898	0.271216125488281	1.3913544921875	-1.08084017160398	0.396948669433594	1.02774169921875	-1.10397042062742	0.337034240722656	1.69909716796875	-1.03684175851804
4	0.03	0.538430969238281	1.14273815917969	-1.16388782088253	0.460730895996094	1.48354602050781	-1.16598791853878	0.0803426742553711	1.48980883789063	-1.16115259139035	0.503980926513672	1.33895385742188	-1.17101941267941	0.351199615478516	1.62507458496094	-1.17212915389035	0.00683322381973267	1.22558972167969	-1.14526172224972	0.199776000976563	1.63403466796875	-1.17356238142941	0.266011260986328	1.52921618652344	-1.22441553084347	0.0189909210205078	0.870731811523438	-1.04745080916378	0.547053344726563	0.862349426269531	-1.17137622420285	-0.00950389671325684	1.13261779785156	-1.12465124861691	0.121350379943848	1.43020043945313	-1.25976428572628	0.364009399414063	0.0718005523681641	-0.876533816976285	0.407364868164063	0.515779296875	-0.989222232503629	0.296015441894531	1.06594787597656	-1.27480945174191	0.276123596191406	1.24924047851563	-1.29746692244503	0.323962371826172	0.0849829635620118	-0.665414676351285	0.23047802734375	1.06006286621094	-1.26553747908566	0.138809234619141	0.495134490966797	-1.29468957869503	0.407476409912109	0.359990600585938	-0.94897888533566	0.137145721435547	0.362082153320313	-1.39035669295285	0.430065521240234	0.670295959472656	-1.03130853621457	0.220143142700195	0.0295899295806886	-1.36647461287472	0.200637847900391	0.0333447837829591	-1.42275061385128	0.198333282470703	0.124785614013672	-1.54808533064816	0.248295364379883	0.122547203063965	-1.6117185093591	0.117188621520996	0.640840026855469	-1.21864319197628	0.32868505859375	0.0261219482421876	-0.935479556722379	0.53916845703125	0.897144348144531	-1.12648840682003	0.492480133056641	0.862188049316406	-1.11575439803097	0.0153096876144409	0.927079833984375	-1.02956244246457	0.5361162109375	0.783567260742188	-1.08573974959347	0.037291389465332	0.809510864257812	-0.944427859945035	0.212351593017578	1.70818579101563	-1.04037604109738	0.0744808654785156	0.895704895019531	-0.99714001814816	0.133018203735352	1.01656512451172	-1.08564123885128	0.348807922363281	0.0725507049560547	-0.72205652205441	0.279417724609375	1.26050524902344	-1.05700024764035	0.272850341796875	1.39262927246094	-1.07860669295285	0.397955383300781	1.02902563476563	-1.1002888218591	0.339220275878906	1.70059497070312	-1.03544610945675
5	0.04	0.539200500488281	1.14328576660156	-1.16138334613765	0.462465270996094	1.48429858398437	-1.16418778949703	0.0819426422119141	1.49127465820313	-1.15941496234859	0.505084686279297	1.33961962890625	-1.16872331195796	0.353273681640625	1.62661413574219	-1.17028471332515	0.00862789058685303	1.22696606445313	-1.14425382953609	0.201874237060547	1.63578942871094	-1.17196513324703	0.267976257324219	1.53087426757813	-1.22226200824703	0.0194131755828857	0.871298828125	-1.0485098109814	0.547580261230469	0.862853698730469	-1.17002555805171	-0.00785103988647461	1.13395874023437	-1.12383756977046	0.123309471130371	1.431689453125	-1.2581562953564	0.364426818847656	0.0696206207275391	-0.884065414008744	0.408993682861328	0.519267028808594	-0.987456710395463	0.296802551269531	1.0676044921875	-1.27154899555171	0.277012939453125	1.2503994140625	-1.29474552875484	0.319774047851562	0.0756439666748047	-0.674141524848588	0.2307744140625	1.06164270019531	-1.26234941059078	0.137942245483398	0.495734497070313	-1.28747697406734	0.409937866210938	0.364005981445313	-0.945487594184526	0.135993789672852	0.365790893554688	-1.38753190570796	0.430027618408203	0.672166076660156	-1.02909782367671	0.22013703918457	0.0294778442382813	-1.37843864398921	0.200596862792969	0.0336164665222169	-1.43377604633296	0.196204605102539	0.133322799682617	-1.5524912562939	0.247120208740234	0.134943572998047	-1.61494804340328	0.117165115356445	0.640907470703125	-1.21224735980953	0.330079345703125	0.0272401218414307	-0.945920150336869	0.539736145019531	0.897348083496094	-1.12493571430171	0.493046875	0.862299865722656	-1.11435929828609	0.0159457006454468	0.927534057617188	-1.0301709437939	0.536662414550781	0.7834462890625	-1.08496220355953	0.0369960899353027	0.809346557617188	-0.945884688911088	0.214180801391602	1.71015783691406	-1.03883641010249	0.0747001419067383	0.895775268554688	-0.997675826606401	0.133911285400391	1.0176015625	-1.08227873187984	0.345268432617187	0.0658518524169922	-0.730499740180619	0.280749481201172	1.26252233886719	-1.05444078021968	0.274455474853516	1.39452990722656	-1.07642375141109	0.398710235595703	1.03154455566406	-1.09697160297359	0.341453887939453	1.70258081054687	-1.03401139789546
6	0.05	0.539803405761719	1.14445825195313	-1.15881722588495	0.464062377929688	1.48563012695313	-1.16245943779902	0.083494270324707	1.49332836914062	-1.15765780205683	0.505995422363281	1.34097412109375	-1.16635152764277	0.355310211181641	1.62848266601563	-1.16855660576777	0.0104934015274048	1.22896374511719	-1.14309249443964	0.203900817871094	1.63801965332031	-1.1704134172912	0.26972265625	1.53263500976562	-1.22048018975214	0.019844633102417	0.872483703613281	-1.04998311943964	0.548157409667969	0.864078369140625	-1.16842171807245	-0.00613706970214844	1.13600512695313	-1.12300765557245	0.124897163391113	1.43358190917969	-1.25640487236933	0.364425933837891	0.0686995544433594	-0.895514491509954	0.410524444580078	0.522410827636719	-0.984119594049016	0.297475402832031	1.06921508789063	-1.2682991594787	0.277706756591797	1.25173913574219	-1.29208382744745	0.316969879150391	0.0669151840209961	-0.684339076470891	0.231051910400391	1.06334228515625	-1.25921139092402	0.136672088623047	0.496547576904297	-1.27826180596308	0.411372985839844	0.367971282958984	-0.942647426080266	0.134631683349609	0.370094116210938	-1.38304293389277	0.430654846191406	0.674291748046875	-1.02691646904902	0.220014373779297	0.0295470275878907	-1.39067232842402	0.200689392089844	0.0333395729064942	-1.44468905205683	0.194896850585938	0.142624938964844	-1.55535421318964	0.246701614379883	0.148372406005859	-1.61586861748652	0.117163734436035	0.641192321777344	-1.20485799736933	0.33090087890625	0.0279522533416749	-0.957547633599798	0.540269897460938	0.898293395996094	-1.12316170830683	0.493583343505859	0.8631103515625	-1.11277779717402	0.0166112022399902	0.92852490234375	-1.03114425225214	0.537179016113281	0.784028076171875	-1.08394063897089	0.0365998725891113	0.809549926757813	-0.947812709283391	0.216033966064453	1.7124462890625	-1.03727816338495	0.074937629699707	0.896376831054688	-0.998589625787298	0.13502131652832	1.01921063232422	-1.07898745293573	0.343086669921875	0.0597671623229981	-0.741213160943548	0.282031707763672	1.26487744140625	-1.05210171074823	0.275931243896484	1.39688549804688	-1.07436385674433	0.399461608886719	1.03449548339844	-1.09347249932245	0.343424713134766	1.7046005859375	-1.03231820244745
7	0.06	0.5402587890625	1.14612158203125	-1.15615222867913	0.465521026611328	1.48748278808594	-1.16083899625726	0.0849977035522461	1.49581774902344	-1.15593250211663	0.506884216308594	1.34277624511719	-1.16402222379632	0.357267242431641	1.63048046875	-1.16698828824944	0.0123833065032959	1.23145971679688	-1.14177051481194	0.205844467163086	1.64050073242187	-1.16895215543694	0.271218597412109	1.53440014648438	-1.21909107145257	0.0202331466674805	0.874223510742188	-1.05173749479241	0.548794860839844	0.865925231933594	-1.16652393278069	-0.00442034006118774	1.1386337890625	-1.12219922574944	0.126123710632324	1.43569458007813	-1.25451782926507	0.364500549316406	0.0689873962402344	-0.906908942546319	0.411782684326172	0.525005065917969	-0.980125678386163	0.298233001708984	1.07088525390625	-1.26500830778069	0.278395568847656	1.25313037109375	-1.28952515348382	0.314831726074219	0.0608911056518555	-0.69427320035882	0.231393478393555	1.0651591796875	-1.25602674039788	0.134954483032227	0.497345794677734	-1.26724866422601	0.411996429443359	0.370223419189453	-0.941995307292413	0.132802337646484	0.37457373046875	-1.37663989957757	0.432280181884766	0.676585266113281	-1.02460156949944	0.219864654541016	0.0299658679962159	-1.40362024625726	0.201244476318359	0.0332343521118165	-1.45588660367913	0.193814788818359	0.152656585693359	-1.55619824918694	0.246899978637695	0.162936798095703	-1.61461841520257	0.116831062316895	0.641370788574219	-1.19604297574944	0.331439117431641	0.029022970199585	-0.968661261882257	0.540793579101563	0.899895385742188	-1.12113648160882	0.494101379394531	0.8645576171875	-1.11093653043694	0.0172337379455566	0.930025756835938	-1.03236865934319	0.537640991210938	0.785171264648438	-1.08260645231194	0.036166934967041	0.810076416015625	-0.950122199382257	0.217820083618164	1.71496313476563	-1.0358047555346	0.0752054214477539	0.89736083984375	-0.999830512370538	0.136380752563477	1.02124267578125	-1.07578076871819	0.342135894775391	0.0551140289306641	-0.751470282878351	0.283280639648438	1.26741284179688	-1.04991791471429	0.277270721435547	1.39947863769531	-1.07244293912835	0.400633056640625	1.03762463378906	-1.09058563932366	0.344992645263672	1.706349609375	-1.03033258756585
8	0.07	0.540649291992187	1.1481318359375	-1.15344987795769	0.466858123779297	1.48972705078125	-1.15934501955925	0.0864610061645508	1.49854089355469	-1.15430461428581	0.508003173828125	1.34481030273437	-1.16193425295769	0.359124176025391	1.63257556152344	-1.165592578153	0.0142060823440552	1.2342783203125	-1.14039958498894	0.20770198059082	1.64309216308594	-1.1676287109655	0.272498077392578	1.53616931152344	-1.2181287109655	0.0205906772613525	0.87632080078125	-1.05364549563347	0.549461791992187	0.868178955078125	-1.16429802248894	-0.00276023888587952	1.14160388183594	-1.12144938967644	0.127157768249512	1.43788781738281	-1.25259233401237	0.364875305175781	0.0691571350097657	-0.916180163602217	0.412881286621094	0.526517944335937	-0.977425524930342	0.299156555175781	1.07274133300781	-1.26172233889519	0.279207702636719	1.25452819824219	-1.28697197268425	0.315602752685547	0.0550548324584961	-0.704230761746748	0.232009750366211	1.06724426269531	-1.25302470705925	0.133372207641602	0.497474975585938	-1.25506828616081	0.412369232177734	0.370595397949219	-0.943527087430342	0.130876449584961	0.378806365966797	-1.36821721194206	0.434555847167969	0.678731079101563	-1.02192918703972	0.220235443115234	0.0300781192779542	-1.41601506350456	0.202368667602539	0.0346986885070802	-1.46655668948112	0.192844619750977	0.162699340820313	-1.55527922366081	0.247138702392578	0.178533401489258	-1.61156987307487	0.116571166992188	0.640869567871094	-1.18588701174675	0.331569458007813	0.0300898380279542	-0.979459338406904	0.541331237792969	0.901946105957031	-1.11885307619987	0.494627136230469	0.866487731933594	-1.10877556155144	0.017753568649292	0.931905578613281	-1.0337474243444	0.5380283203125	0.786657836914063	-1.0809134399694	0.0357915191650391	0.810816833496094	-0.952688952664717	0.219499084472656	1.71760668945313	-1.03447557375847	0.0754376831054688	0.898617980957031	-1.0012810547155	0.137960433959961	1.02348870849609	-1.07274455569206	0.342600036621094	0.0507447776794434	-0.761367541531904	0.284480590820313	1.27003796386719	-1.04781627200065	0.278512268066406	1.40215148925781	-1.07062077639519	0.401969970703125	1.04065832519531	-1.0877093384069	0.346780578613281	1.70819348144531	-1.02872325442253
9	0.08	0.541087829589844	1.1503076171875	-1.15080795204093	0.468120635986328	1.49220166015625	-1.15796090614249	0.087870246887207	1.50129858398438	-1.1528243094628	0.509245056152344	1.34701318359375	-1.16000729286124	0.360907958984375	1.63478466796875	-1.16436837684561	0.0158372936248779	1.23723095703125	-1.13916171180655	0.209476608276367	1.64571484375	-1.16647030555655	0.273733154296875	1.53782800292969	-1.21729464637686	0.0209372978210449	0.8785361328125	-1.05562203895499	0.550107177734375	0.870560119628906	-1.16169503700186	-0.00122476601600647	1.14464038085938	-1.12081222450186	0.128099990844727	1.44010302734375	-1.25072640907218	0.365328338623047	0.0681454315185547	-0.925867766494051	0.414120422363281	0.526590393066406	-0.977277861708895	0.300231719970703	1.07462048339844	-1.25868112098624	0.280293975830078	1.255916015625	-1.28444174110343	0.317146789550781	0.0491081466674805	-0.71474783241202	0.232956344604492	1.06936083984375	-1.25043612586905	0.132138061523437	0.496559265136719	-1.24188375770499	0.413323028564453	0.369481811523438	-0.947269560927645	0.129393905639648	0.382266815185547	-1.35806698524405	0.436928985595703	0.680571655273438	-1.01941635047843	0.220981597900391	0.0294224491119386	-1.42592025672843	0.203149200439453	0.0383637695312501	-1.47512789832999	0.192057998657227	0.174267791748047	-1.55372421180655	0.246851760864258	0.194764205932617	-1.6070196219628	0.116196685791016	0.640013427734375	-1.17487863075186	0.33148828125	0.0305993041992188	-0.990636870497957	0.541899353027344	0.904215454101563	-1.1163018485253	0.495169311523438	0.86870703125	-1.10626260291983	0.018138298034668	0.933971618652344	-1.03520242225577	0.538324645996094	0.78833642578125	-1.07882852088858	0.0355626449584961	0.811634521484375	-0.955378386611239	0.221062301635742	1.72034008789062	-1.03332955848624	0.0756257934570313	0.900003784179688	-1.00284713661124	0.139686477661133	1.02571533203125	-1.07001522743155	0.344005798339844	0.0466501770019532	-0.771985869521395	0.285595489501953	1.27267395019531	-1.04577340614249	0.279695526123047	1.40480859375	-1.06886080848624	0.403244293212891	1.04333032226562	-1.08471359168936	0.3489013671875	1.71032299804688	-1.02765365516593
10	0.09	0.541644653320313	1.15251257324219	-1.14822754956167	0.469392150878906	1.49477685546875	-1.15665003491323	0.0891945114135742	1.50393591308594	-1.15149671460073	0.510450347900391	1.34926208496094	-1.15815088940542	0.362524749755859	1.63706115722656	-1.16324683667104	0.017180061340332	1.24013146972656	-1.13820179272573	0.211136444091797	1.64827612304687	-1.16545679760854	0.274966003417969	1.53941955566406	-1.21642689038198	0.0212216510772705	0.880690551757813	-1.05757154370229	0.550682373046875	0.872878601074219	-1.15873011303823	9.39021557569504e-05	1.14752758789063	-1.1203670148937	0.128997299194336	1.44233276367188	-1.2489984235851	0.365536468505859	0.0670320434570313	-0.937078318604636	0.415591613769531	0.52580712890625	-0.980013316163229	0.301342895507813	1.07650244140625	-1.25597156811635	0.281560272216797	1.25736450195312	-1.28202540112417	0.31765380859375	0.0448553886413575	-0.725936167725729	0.234058410644531	1.07129516601563	-1.24822718335073	0.130995300292969	0.494898895263672	-1.22766370678823	0.41458349609375	0.367830291748047	-0.952850535401511	0.128377365112305	0.385019165039063	-1.34643653393667	0.438662963867188	0.68179736328125	-1.01838978100698	0.221124862670898	0.0284954319000245	-1.4334222517101	0.202798950195312	0.0439893951416016	-1.4811087751476	0.191324768066406	0.186041076660156	-1.54962024975698	0.246033096313477	0.210670394897461	-1.60075550366323	0.115900535583496	0.639034301757813	-1.16353931713979	0.331737091064453	0.0310441284179688	-1.00226972485464	0.542488037109375	0.906524536132813	-1.11346088696401	0.495706085205078	0.871035217285156	-1.10340308667104	0.0184020385742188	0.936031860351563	-1.03664075756948	0.538529357910156	0.790131042480469	-1.07632886792104	0.0355305709838867	0.812410705566406	-0.958073802003073	0.22249983215332	1.72302746582031	-1.03233582592885	0.0757404098510742	0.901423522949219	-1.00444214917104	0.14140869140625	1.02772412109375	-1.0677293195812	0.345094024658203	0.0438116531372071	-0.783075327881979	0.286555725097656	1.27525451660156	-1.04379780102651	0.280849548339844	1.40738684082031	-1.06715925122182	0.404748718261719	1.04579992675781	-1.08196052075307	0.350924621582031	1.71254553222656	-1.02674488354604
11	0.1	0.542397216796875	1.15467321777344	-1.14571721544178	0.470713500976563	1.49732019042969	-1.15533379259022	0.0904147033691406	1.50638293457031	-1.15030547227772	0.511632995605469	1.35134033203125	-1.1563628453246	0.363896423339844	1.63926123046875	-1.16220159044178	0.0182241458892822	1.2428310546875	-1.1375811680785	0.212617492675781	1.65071228027344	-1.16453606309803	0.276135406494141	1.54118701171875	-1.21545183458241	0.0213653011322021	0.882707336425781	-1.05938817491444	0.551193054199219	0.875069274902344	-1.15546587266835	0.00112443995475769	1.15015417480469	-1.12019609727772	0.129925079345703	1.4445947265625	-1.24746282091053	0.365534423828125	0.0668569488525391	-0.948510123156626	0.417015899658203	0.5248681640625	-0.985020193957408	0.302570098876953	1.07852478027344	-1.25355181016835	0.282923492431641	1.25906921386719	-1.27987346544178	0.316939178466797	0.0416366882324219	-0.737358023547251	0.235197402954102	1.07326330566406	-1.24628533067616	0.129931854248047	0.493010772705078	-1.21256804551991	0.415752319335937	0.366538635253906	-0.959868155383189	0.127569526672363	0.387362396240234	-1.33347148790272	0.4396220703125	0.682070129394531	-1.0193774937621	0.219953018188477	0.0274752235412598	-1.43895452012928	0.201878829956055	0.0508183097839356	-1.48435808458241	0.190808837890625	0.197200836181641	-1.54308086290272	0.245126235961914	0.225593170166016	-1.59269255723866	0.115942863464355	0.637469604492188	-1.15197405137928	0.331861846923828	0.0314886131286622	-1.01411217393788	0.543067138671875	0.908765869140625	-1.11032079210194	0.496205291748047	0.873347106933594	-1.10022661485585	0.0185917186737061	0.937959594726563	-1.03798796739491	0.53867041015625	0.791983642578125	-1.07340367784413	0.0356928329467773	0.813103088378906	-0.96068291368397	0.223989166259766	1.72536865234375	-1.03136351671131	0.0757903671264648	0.902813903808594	-1.00599999132069	0.142958587646484	1.02940979003906	-1.06599413194569	0.344516998291016	0.0420701179504395	-0.794206961535532	0.28727783203125	1.27777124023438	-1.04188786973866	0.281912170410156	1.40987622070313	-1.06552599229725	0.405776672363281	1.04779711914063	-1.07918395128163	0.352485107421875	1.71459802246094	-1.02565465440663
12	0.11	0.543423278808594	1.1567080078125	-1.14333194235705	0.472010406494141	1.49966613769531	-1.15387118796252	0.0915238647460938	1.50866357421875	-1.14926571921252	0.512749206542969	1.353404296875	-1.1544662197008	0.365040466308594	1.64136254882812	-1.16112460593127	0.0190050296783447	1.24527172851562	-1.13730826071643	0.213892654418945	1.65305322265625	-1.16365780905627	0.277359039306641	1.54319763183594	-1.21427511862659	0.0213363761901855	0.884600036621094	-1.06101974753284	0.551677551269531	0.877130859375	-1.15195889548205	0.00188139832019806	1.15248425292969	-1.12031991843127	0.130946487426758	1.44690588378906	-1.24617196921252	0.365444732666016	0.0669901733398438	-0.959641390599242	0.418378265380859	0.5243173828125	-0.990912874974242	0.303968719482422	1.08072814941406	-1.25144687155627	0.284263092041016	1.26099816894531	-1.2780271938219	0.314053802490234	0.0388442993164063	-0.749236422337523	0.236337127685547	1.07536120605469	-1.24457809714221	0.129132827758789	0.491170379638672	-1.19686654929065	0.417000640869141	0.365681610107422	-0.967140719212523	0.126819999694824	0.389446197509766	-1.31915048483752	0.440114654541016	0.682015502929687	-1.02163431052112	0.217139907836914	0.0272303886413575	-1.44181796530627	0.200947891235352	0.0581767921447755	-1.48402536276721	0.190410751342773	0.207860076904297	-1.53487643698596	0.244504959106445	0.239055801391602	-1.58321127585315	0.116168930053711	0.636410339355469	-1.1408787563219	0.331767333984375	0.0316056785583497	-1.02590787009143	0.5436005859375	0.910900390625	-1.10691061667346	0.496648040771484	0.875589782714844	-1.09678042868518	0.0187311553955078	0.939722106933594	-1.03923666647815	0.538767333984375	0.793877807617188	-1.07005111960315	0.0359991722106934	0.813761291503906	-0.96314615134143	0.225710845947266	1.72734155273437	-1.03032791403674	0.075822639465332	0.904115783691406	-1.00750094870471	0.144265808105469	1.03086291503906	-1.06482132223987	0.342852020263672	0.0409541168212891	-0.805534762181273	0.287731170654297	1.28022888183594	-1.04005014304065	0.282768524169922	1.41230383300781	-1.06394095114612	0.406708801269531	1.04964318847656	-1.07674563864612	0.353497955322266	1.71650891113281	-1.02430887106799
13	0.12	0.544678161621094	1.15858142089844	-1.14105604427233	0.473167114257812	1.50171618652344	-1.15214088313951	0.0925167465209961	1.51085290527344	-1.14841554134264	0.513908142089844	1.35529895019531	-1.15252680843248	0.366113464355469	1.64340222167969	-1.15994990413561	0.0195894412994385	1.24747009277344	-1.1373296648778	0.214989196777344	1.65528125	-1.1627710711278	0.278673309326172	1.54534716796875	-1.21292262142076	0.0211556968688965	0.886425659179688	-1.06250184505358	0.552142883300781	0.879080627441406	-1.14824445979967	0.00245552134513855	1.15455334472656	-1.12068647640123	0.132075210571289	1.44924011230469	-1.24517042415514	0.365253997802734	0.0668880310058594	-0.97112092464342	0.419315093994141	0.52443505859375	-0.996847731284045	0.305440032958984	1.08313525390625	-1.24965284603014	0.285517730712891	1.2630439453125	-1.27640186946764	0.311946075439453	0.0369777641296387	-0.761119581869983	0.237499877929687	1.07741784667969	-1.2431544329442	0.128471435546875	0.489735443115234	-1.18096229427233	0.417928955078125	0.365111511230469	-0.975148634604358	0.12597420501709	0.391221771240234	-1.30391334407701	0.440425048828125	0.682476379394531	-1.02451258724108	0.212891632080078	0.0302321434020997	-1.43985157649889	0.199253143310547	0.0657437896728516	-1.47933326595201	0.190483215332031	0.21784700012207	-1.52534718196764	0.24471208190918	0.250611770629883	-1.57265943782701	0.116775497436523	0.63593896484375	-1.13014283626451	0.332000396728516	0.0317532844543458	-1.03780531185045	0.5440615234375	0.912951721191406	-1.10329054134264	0.497030151367188	0.877779418945313	-1.09312959163561	0.0188123817443848	0.941345397949219	-1.04044795101061	0.538795837402344	0.795867797851562	-1.06628291194811	0.0363558769226074	0.814488037109375	-0.965438612631701	0.227121520996094	1.72942456054687	-1.02938569515123	0.0758040390014648	0.905353271484375	-1.00899934261217	0.145322799682617	1.03238415527344	-1.06403401058092	0.341855163574219	0.0401699943542481	-0.817181288412952	0.2879736328125	1.28260754394531	-1.03832600276842	0.283402709960938	1.41466455078125	-1.06240840022936	0.407494934082031	1.05182568359375	-1.07420411556139	0.354206695556641	1.71855310058594	-1.0230421282567
14	0.13	0.546035705566406	1.16037341308594	-1.13879082733994	0.474152282714844	1.50354760742187	-1.15014086396104	0.0933980712890625	1.51300659179688	-1.14777465302354	0.515142822265625	1.35698229980469	-1.15047490937119	0.367138763427734	1.64540673828125	-1.15877221161729	0.0200456218719482	1.24951171875	-1.1375668283165	0.215949554443359	1.6573466796875	-1.16182500702744	0.279995910644531	1.54762573242187	-1.21148931366807	0.0208795051574707	0.888228576660156	-1.06392168671494	0.552567749023438	0.880955932617188	-1.14434936005479	0.00294599556922913	1.15646936035156	-1.12121245819932	0.133288726806641	1.45154284667969	-1.24445391327744	0.365215759277344	0.066698471069336	-0.982864191597755	0.4195263671875	0.525061462402344	-1.0026234689415	0.306890258789063	1.08574206542969	-1.24810833222275	0.286740539550781	1.26524072265625	-1.27492290741807	0.312113159179688	0.036131763458252	-0.773086725777442	0.23884049987793	1.07945495605469	-1.24200005585557	0.12823600769043	0.489162811279297	-1.16505871064072	0.418141815185547	0.365015838623047	-0.983736567086036	0.125476928710937	0.392813415527344	-1.28807793671494	0.440652526855469	0.683259582519531	-1.02799016816025	0.208900863647461	0.0359061279296876	-1.43155889374619	0.196201385498047	0.0734261627197266	-1.470313898629	0.191092926025391	0.226785873413086	-1.51462200409775	0.245955215454102	0.259612579345703	-1.56132476288682	0.117483573913574	0.636193725585938	-1.1197836251915	0.332343658447266	0.0319346885681153	-1.04982146698838	0.544441833496094	0.914987548828125	-1.09952984101182	0.497355346679688	0.879993713378906	-1.089345148629	0.0188170204162598	0.942896728515625	-1.04169146210557	0.538732177734375	0.798046081542969	-1.06211895233994	0.0366492576599121	0.815399719238281	-0.967562372750099	0.227633850097656	1.73200561523438	-1.02869646698838	0.07576025390625	0.906614807128906	-1.01054790741807	0.146201477050781	1.03412145996094	-1.06352208954697	0.341907531738281	0.0395987014770508	-0.82900213105088	0.288105102539063	1.28488928222656	-1.0367635446251	0.283884948730469	1.41694396972656	-1.06096990448838	0.408407073974609	1.05381848144531	-1.07227984101182	0.354726379394531	1.72082470703125	-1.02206444794541
15	0.14	0.547386291503906	1.16224133300781	-1.1363976196849	0.475010223388672	1.50535473632812	-1.14797312017318	0.0941808395385742	1.51513854980469	-1.14733231206771	0.516111328125	1.35888122558594	-1.14799906011459	0.368000396728516	1.64745349121094	-1.15767386480209	0.0204406204223633	1.25152795410156	-1.13792600103256	0.216796615600586	1.65934167480469	-1.16079904790756	0.281213836669922	1.54997509765625	-1.21001779790756	0.020563497543335	0.890041687011719	-1.06535452886459	0.552929443359375	0.882813232421875	-1.14028494878646	0.00341071391105652	1.15837915039063	-1.1218282837474	0.134567687988281	1.45379479980469	-1.2439771484935	0.365336608886719	0.0666700592041016	-0.994689001520839	0.419472991943359	0.525791015625	-1.00812735601303	0.308197631835938	1.0884345703125	-1.24688400884506	0.288028442382812	1.26759057617188	-1.27363425298568	0.31233642578125	0.0356347618103028	-0.785228064020839	0.240303863525391	1.08171643066406	-1.24111472173568	0.128718597412109	0.48986865234375	-1.14938638921615	0.418016479492188	0.365308074951172	-0.992197668513027	0.126010963439941	0.394627380371094	-1.27195725103256	0.440846099853516	0.684115844726563	-1.03188950200912	0.205492965698242	0.0401525840759278	-1.41974057622787	0.192976913452148	0.0806942138671876	-1.45780319829818	0.191944259643555	0.23415217590332	-1.50257785650131	0.247738723754883	0.265708648681641	-1.54915561529037	0.118607192993164	0.637391784667969	-1.10962058111068	0.33256005859375	0.0320084838867188	-1.06190866704818	0.544734130859375	0.917102722167969	-1.09567313238021	0.497610473632813	0.882332580566406	-1.08548679204818	0.0187331790924072	0.944497497558594	-1.042993750056	0.538590209960938	0.800518981933594	-1.05757016607162	0.0367887268066406	0.816570678710937	-0.969538061579433	0.227680099487305	1.73487573242188	-1.02809232183334	0.0756721878051758	0.908035766601562	-1.01212717290756	0.147032348632813	1.03607434082031	-1.0632482056224	0.341931213378906	0.0392985038757325	-0.840935766657558	0.288199249267578	1.28706018066406	-1.0353956665599	0.284249328613281	1.41916943359375	-1.05961728521225	0.409093902587891	1.05556298828125	-1.07060623784896	0.3551513671875	1.72323376464844	-1.02130325933334
16	0.15	0.548579528808594	1.16431201171875	-1.13375984415877	0.475729736328125	1.50726806640625	-1.14573060831892	0.0948748550415039	1.51724841308594	-1.14705201945174	0.516787780761719	1.36101416015625	-1.14530488810408	0.368595764160156	1.64950866699219	-1.15647383341658	0.0208297634124756	1.25361083984375	-1.13833980021346	0.217486938476563	1.66138781738281	-1.15971071085799	0.28233984375	1.5523642578125	-1.20860902628767	0.0202375354766846	0.891911682128906	-1.06683113322127	0.553222473144531	0.884744140625	-1.13606312785017	0.00384638857841492	1.16040612792969	-1.12251533732283	0.135901458740234	1.45601049804688	-1.24365504679549	0.365391662597656	0.0667828979492188	-1.00663282999861	0.419436584472656	0.526495971679688	-1.0137079032408	0.309385009765625	1.09105419921875	-1.2458641532408	0.289413482666016	1.27005725097656	-1.27248439249861	0.311302215576172	0.0353650588989258	-0.797457659100174	0.241659118652344	1.084150390625	-1.24041481242049	0.1296728515625	0.492018737792969	-1.13410872111189	0.417752593994141	0.365621398925781	-1.00054683146346	0.12727124786377	0.396954528808594	-1.25599074015486	0.441153564453125	0.685197875976563	-1.0359002860533	0.202104705810547	0.0426203842163087	-1.40610121378767	0.190707397460938	0.0854351348876954	-1.44309327921736	0.192787857055664	0.239453643798828	-1.48862257609236	0.249399002075195	0.269440063476563	-1.53594117960799	0.119664855957031	0.639791809082031	-1.09967921671736	0.332707641601563	0.03201176071167	-1.07403999552595	0.544935363769531	0.919383483886719	-1.09173152384627	0.497753784179688	0.884862609863281	-1.08158748087752	0.018555118560791	0.946267883300781	-1.04434858927595	0.53841259765625	0.803348937988281	-1.05266475138533	0.0367226257324219	0.818009460449219	-0.971399492596268	0.227925918579102	1.73759533691406	-1.0273256400572	0.0754487991333008	0.909679077148438	-1.01369398722517	0.147889404296875	1.0382666015625	-1.06312727579939	0.341473815917969	0.0390525665283204	-0.852950273846268	0.288275085449219	1.28914489746094	-1.03422395548689	0.284484130859375	1.42138293457031	-1.05831398234236	0.409871948242188	1.05774145507813	-1.06924873576033	0.355582855224609	1.72567102050781	-1.02060225138533
17	0.16	0.549531311035156	1.16660656738281	-1.13086865066388	0.476233642578125	1.50929870605469	-1.14343816970685	0.0954894714355469	1.51935339355469	-1.14690673660138	0.517413513183594	1.36327795410156	-1.14267468093732	0.368779083251953	1.65135754394531	-1.15485192703107	0.0212203979492188	1.25577331542969	-1.13879003738263	0.217929107666016	1.6635107421875	-1.15862158035138	0.283334716796875	1.55484008789062	-1.20732794021466	0.0199053936004639	0.893876159667969	-1.06836419509748	0.553457641601563	0.886848327636719	-1.13172125076154	0.00419987773895264	1.16258898925781	-1.12329565261701	0.137255310058594	1.45823901367188	-1.24343133376935	0.365310119628906	0.0669062500000001	-1.01863799880841	0.419302154541016	0.5269140625	-1.01987701248029	0.310500274658203	1.09356701660156	-1.24489520095685	0.2908603515625	1.27260461425781	-1.27147198318341	0.311151397705078	0.0352009391784668	-0.80973003982404	0.242985137939453	1.08658740234375	-1.23984527419904	0.130786041259766	0.495308532714844	-1.11923547195295	0.417098236083984	0.365966644287109	-1.00883984207013	0.128838851928711	0.399471771240234	-1.2403820173631	0.44135546875	0.686326782226563	-1.03978832839826	0.19877018737793	0.0456693992614747	-1.38901434158185	0.189219573974609	0.0874625091552735	-1.4265031111131	0.193421173095703	0.242600357055664	-1.47295928787091	0.250605606079102	0.271467376708984	-1.52188421462873	0.120631469726562	0.643028259277344	-1.08964050124982	0.332774993896484	0.0320265045166016	-1.08615478347638	0.545048645019531	0.921870483398437	-1.08769250320295	0.497739654541016	0.887607177734375	-1.07761907790998	0.0182937774658203	0.948234375	-1.04576324294904	0.538233825683594	0.806522766113281	-1.04748034499982	0.0364255218505859	0.819675109863281	-0.973175779570133	0.228412796020508	1.73986975097656	-1.02632452224591	0.0751052627563477	0.911494934082031	-1.0152193586717	0.148807556152344	1.04074755859375	-1.06303301833966	0.341152313232422	0.0388442077636719	-0.86498589919904	0.288314880371094	1.29119152832031	-1.03322399734357	0.284571105957031	1.42358081054688	-1.05705755447248	0.410623443603516	1.06022009277344	-1.06797241042951	0.355931854248047	1.72807763671875	-1.01983874343732
18	0.17	0.550242004394531	1.16904187011719	-1.12779654896587	0.476533386230469	1.51144580078125	-1.14109427845806	0.0960230484008789	1.52147045898438	-1.14688291371197	0.517936889648438	1.36554760742188	-1.13996390736431	0.368695556640625	1.65313220214844	-1.15308384144634	0.0215784816741943	1.25799462890625	-1.139309488419	0.218155364990234	1.66566748046875	-1.157563394669	0.284071899414063	1.5570634765625	-1.20579361927837	0.0195590381622314	0.895920227050781	-1.06996970570416	0.553645141601563	0.889179260253906	-1.12730454457134	0.00441861867904663	1.16487817382813	-1.12420389759869	0.13858073425293	1.46049365234375	-1.24328342640728	0.365280487060547	0.0670746078491212	-1.0306717931065	0.418963989257813	0.527117370605469	-1.02681034291119	0.311572845458984	1.09595581054687	-1.24403806507916	0.292343933105469	1.27509069824219	-1.27056589711041	0.311492156982422	0.0350374336242676	-0.821984903458062	0.244281982421875	1.0889716796875	-1.23937607777447	0.13213720703125	0.498969604492188	-1.10485202992291	0.416445404052734	0.366144348144531	-1.01711380970806	0.130180404663086	0.4016884765625	-1.22491465199322	0.441131530761719	0.687090148925781	-1.04352561390728	0.196092437744141	0.0481226921081544	-1.36911753285259	0.186512680053711	0.0912066345214844	-1.40628843129009	0.193817138671875	0.243716842651367	-1.45625657093853	0.251268020629883	0.271508026123047	-1.50693943226666	0.12184139251709	0.646269226074219	-1.07929465687603	0.332763336181641	0.0320449714660645	-1.0982401524815	0.545090087890625	0.9245498046875	-1.08354258168072	0.497580047607422	0.89057080078125	-1.07348044789166	0.0179647617340088	0.950310485839844	-1.04725718129009	0.538059387207031	0.809966186523438	-1.04211173451275	0.0358740768432617	0.821507751464844	-0.974882791641655	0.228741394042969	1.74191223144531	-1.02521036732525	0.0746766738891602	0.913406860351562	-1.0166756993565	0.14978938293457	1.04351293945313	-1.06290543568462	0.341089538574219	0.0387351722717286	-0.877023294571343	0.2883154296875	1.29320568847656	-1.03237528431744	0.284540283203125	1.42571020507812	-1.05589567005962	0.411655578613281	1.06198010253906	-1.06700492298931	0.356091369628906	1.7303828125	-1.01891044056744
19	0.18	0.550727966308594	1.17158959960938	-1.1245650844749	0.476726409912109	1.51371813964844	-1.1387160244163	0.0964600601196289	1.52357934570313	-1.14696260644755	0.518407409667969	1.36799108886719	-1.13727486230693	0.368933868408203	1.65526416015625	-1.1518986416038	0.0218934535980225	1.26022619628906	-1.13997194482646	0.21826725769043	1.66779174804688	-1.15650514795146	0.284720184326172	1.55906188964844	-1.20419508935771	0.019202075958252	0.897988464355469	-1.07164534570536	0.553796630859375	0.891732543945313	-1.12282900049052	0.00449787044525147	1.16718591308594	-1.12527644922099	0.139839477539063	1.46271728515625	-1.24320998193583	0.365343322753906	0.0671623535156251	-1.04270070459208	0.418682250976563	0.527321166992188	-1.03432716943583	0.312711822509766	1.09824731445313	-1.24336964990458	0.293876739501953	1.27751318359375	-1.26973561670146	0.311520690917969	0.034901596069336	-0.83406892968974	0.245503921508789	1.09128881835937	-1.23903206445536	0.133468063354492	0.502596496582031	-1.09087862207255	0.415973815917969	0.366180725097656	-1.02572359277568	0.131080352783203	0.403490966796875	-1.20907021142802	0.440715576171875	0.687609497070312	-1.04742903711161	0.193133239746094	0.0503406448364259	-1.34612062646708	0.181989410400391	0.0972083740234376	-1.38206825830302	0.193982986450195	0.243227615356445	-1.43887892724833	0.251461044311523	0.268597930908203	-1.49083241845927	0.122993385314941	0.649724731445313	-1.06899129297099	0.332733154296875	0.0320531120300294	-1.11027327539286	0.545072021484375	0.927387145996094	-1.07926576806865	0.497335113525391	0.893734497070312	-1.06909193994365	0.0175822792053223	0.952387573242187	-1.0488307094749	0.537858520507812	0.813577453613281	-1.03662380029521	0.0350620193481445	0.823425598144531	-0.976533407228802	0.228892837524414	1.743955078125	-1.02411812402568	0.074148323059082	0.915388610839844	-1.01803291894755	0.150814361572266	1.04654675292969	-1.06272951318583	0.340966735839844	0.0386494293212891	-0.889046285646771	0.288304168701172	1.29515344238281	-1.03167226220927	0.284443084716797	1.42771472167969	-1.05487050439677	0.412734558105469	1.063529296875	-1.06650221826396	0.35606689453125	1.73256713867188	-1.01780916406474
20	0.19	0.5510361328125	1.17427990722656	-1.12114978209329	0.476909027099609	1.5161044921875	-1.13633471861673	0.0968170852661133	1.52560961914062	-1.14710138121439	0.518820617675781	1.37060546875	-1.13458130064798	0.369329559326172	1.65755639648438	-1.15118017760111	0.0221580677032471	1.26239318847656	-1.14086267271829	0.218307891845703	1.669865234375	-1.15542395201517	0.285456665039063	1.56170483398438	-1.20342035094095	0.0188604850769043	0.90002001953125	-1.07336926451517	0.553923645019531	0.894457641601562	-1.11824023619486	0.00447997379302979	1.16941711425781	-1.12653741637064	0.14099592590332	1.46485803222656	-1.24320337096048	0.364931640625	0.0668329544067383	-1.05458075133157	0.418543884277344	0.527460998535156	-1.04213202086282	0.313996520996094	1.10044934082031	-1.24279956236673	0.295397674560547	1.27987866210937	-1.26896051207376	0.311539520263672	0.0349101181030274	-0.846067445667512	0.24669026184082	1.09364526367187	-1.23874188414407	0.13449430847168	0.506334045410156	-1.07724328795267	0.415807739257813	0.365992401123047	-1.03505285826517	0.131802337646484	0.404877014160156	-1.19278625670267	0.440370483398437	0.687878601074219	-1.05190039244486	0.190703414916992	0.0514141845703126	-1.32108575621439	0.179051040649414	0.100079933166504	-1.35685516539407	0.194256591796875	0.240854705810547	-1.42078167906595	0.25137370300293	0.263339233398438	-1.4740858782847	0.12402214050293	0.653428283691406	-1.0589100970347	0.332652587890625	0.032065414428711	-1.12226629820657	0.544990600585938	0.930350830078125	-1.07484179869486	0.497050537109375	0.897011108398438	-1.06453198424173	0.0171552124023438	0.954418823242188	-1.05045916930032	0.537587585449219	0.817289672851563	-1.03103466978861	0.0340209274291992	0.82534619140625	-0.978132265003449	0.228842498779297	1.74601049804688	-1.02300787535501	0.0735072021484375	0.917407165527344	-1.01931256285501	0.151923599243164	1.04971105957031	-1.06254174986673	0.340811218261719	0.038554672241211	-0.901013368519074	0.28830224609375	1.29701782226563	-1.03109106627298	0.284290832519531	1.42959204101563	-1.05397186461282	0.413705352783203	1.0652822265625	-1.06596496764017	0.355894134521484	1.73463098144531	-1.01653717223001
21	0.2	0.55125341796875	1.17703942871094	-1.11763017062966	0.477111907958984	1.51856823730469	-1.13398997287575	0.0971467437744141	1.52748388671875	-1.1472512033445	0.519259826660156	1.37323034667969	-1.13182456760232	0.369293426513672	1.65963220214844	-1.1500445993406	0.0223484001159668	1.26442883300781	-1.14204099826638	0.218296752929688	1.67188354492187	-1.15435099582497	0.286001678466797	1.56384484863281	-1.20242973117653	0.0185483207702637	0.901958129882813	-1.07512138156716	0.554015502929687	0.8972314453125	-1.11339896945778	0.00441259574890137	1.17148547363281	-1.12801023654763	0.14203532409668	1.46688708496094	-1.24324906711403	0.364540832519531	0.0666531677246094	-1.06647898654763	0.418345306396484	0.527432556152344	-1.05008567600075	0.315354156494141	1.10251550292969	-1.24222813205544	0.296850769042969	1.28211743164062	-1.26828550510231	0.311706176757812	0.0348013763427735	-0.858112836645284	0.247878524780273	1.0959111328125	-1.238494367407	0.135405670166016	0.51021337890625	-1.06406876926247	0.416287658691406	0.36605859375	-1.04519370822732	0.132539047241211	0.406092803955078	-1.17676902561013	0.440294677734375	0.687831481933594	-1.05671446018044	0.189204803466797	0.0518017501831055	-1.29407798557107	0.179893753051758	0.0962289276123048	-1.33334959201638	0.194303237915039	0.236766052246094	-1.40186179904763	0.25116259765625	0.256436218261719	-1.45677403049294	0.12458324432373	0.657853698730469	-1.04982182102028	0.33251904296875	0.0320827827453614	-1.13428123264138	0.544831665039063	0.93340478515625	-1.07025272922341	0.496749938964844	0.900298522949219	-1.05991087131325	0.0166838932037354	0.956379577636719	-1.05212602023903	0.537204833984375	0.821060302734375	-1.02532908420388	0.0328058128356934	0.827228515625	-0.979669782446065	0.228601470947266	1.74790026855469	-1.02186228732888	0.0727487945556641	0.919375061035156	-1.0205778024656	0.153192642211914	1.05281176757813	-1.06239072971169	0.340736053466797	0.0384897842407227	-0.912966718481221	0.288311279296875	1.29880480957031	-1.03058140353982	0.284079681396484	1.4314091796875	-1.05315586643044	0.414683135986328	1.06707287597656	-1.06540586643044	0.355620635986328	1.73654016113281	-1.0151686227781
22	0.21	0.551446411132813	1.17972497558594	-1.11414852303321	0.477306274414063	1.52104260253906	-1.13171419686134	0.0974791870117187	1.52916345214844	-1.1474267212754	0.519773193359375	1.37576794433594	-1.12910500496681	0.368809844970703	1.6613994140625	-1.14828347176368	0.0224507579803467	1.26627514648438	-1.14350032967384	0.218282623291016	1.67378930664063	-1.15329714363868	0.286298980712891	1.56520556640625	-1.20090517586524	0.0182497997283936	0.903758911132812	-1.07688942879493	0.554061828613281	0.899925720214844	-1.10820552986915	0.0043263840675354	1.17332397460938	-1.12971895760352	0.143040985107422	1.46872290039063	-1.2432577759629	0.364204956054688	0.0666352157592774	-1.07842720955665	0.418058898925781	0.527276977539063	-1.05797396248634	0.316745361328125	1.10440979003906	-1.24166878670509	0.298320953369141	1.28419592285156	-1.26766707772071	0.311845916748047	0.0346953277587891	-0.87010787361915	0.249074203491211	1.0980068359375	-1.23826912850196	0.136332366943359	0.51418603515625	-1.05160317391212	0.416509338378906	0.366060150146484	-1.05578548592384	0.133327774047852	0.407565246582031	-1.16152907723243	0.440325531005859	0.687998107910156	-1.06122756356056	0.188405578613281	0.051414707183838	-1.26540535897071	0.180404556274414	0.0919525756835938	-1.30780922859962	0.194176071166992	0.231332656860352	-1.38196816414649	0.25078108215332	0.247916564941406	-1.43855141609962	0.124842895507812	0.662491882324219	-1.04140780037696	0.332366851806641	0.0321734924316407	-1.14632973641212	0.544586547851562	0.936496520996094	-1.06549123543556	0.496431610107422	0.90353076171875	-1.05524782723243	0.0161762886047363	0.958208374023438	-1.05383748787696	0.536678039550781	0.824812683105469	-1.01949086922462	0.031454797744751	0.829096374511719	-0.981120507896493	0.228321929931641	1.74949658203125	-1.02073232430274	0.0718962249755859	0.92124755859375	-1.02182344979102	0.154608963012695	1.05578515625	-1.06225002449806	0.340663696289063	0.0384133834838868	-0.924967126548837	0.288337677001953	1.30052685546875	-1.03010439461524	0.28382666015625	1.43321179199219	-1.05239113777931	0.415626525878906	1.06853930664063	-1.06496944588477	0.355321014404297	1.73822058105469	-1.01380721443946
23	0.22	0.551675048828125	1.18228942871094	-1.11077026899145	0.47745849609375	1.52343798828125	-1.12952826459692	0.0978064498901367	1.53063403320312	-1.14768182905005	0.520151550292969	1.37821740722656	-1.1263952079563	0.368304046630859	1.66301721191406	-1.1465715385227	0.022477409362793	1.26788671875	-1.14517419965552	0.218364852905273	1.67545068359375	-1.15216217572973	0.286741790771484	1.56677648925781	-1.19986554487036	0.0179478721618652	0.90537255859375	-1.07866730268286	0.554080810546875	0.902534118652344	-1.10276123578833	0.00424015188217163	1.17488122558594	-1.13165509565161	0.144157272338867	1.47021618652344	-1.24308441694067	0.363845428466797	0.0666827621459962	-1.09040558393286	0.417733428955078	0.527216735839844	-1.06570734174536	0.318023498535156	1.10627978515625	-1.2411408744602	0.299834503173828	1.28611181640625	-1.26702655561255	0.311896453857422	0.034726245880127	-0.882167180612547	0.250141983032227	1.10001049804688	-1.23809021528052	0.137209503173828	0.51829345703125	-1.04002936322973	0.416512023925781	0.365900848388672	-1.06643109662817	0.134074844360352	0.409523864746094	-1.14722717817114	0.440225677490234	0.688322509765625	-1.06558862836645	0.187785125732422	0.0504232215881348	-1.23530377729223	0.179750885009766	0.0893004531860352	-1.2795202079563	0.193926116943359	0.224723220825195	-1.36092865522192	0.250218643188477	0.237623031616211	-1.4192155204563	0.125478340148926	0.666859191894531	-1.03318201215552	0.332223846435547	0.0323137550354004	-1.15836816938208	0.544271118164062	0.939553344726562	-1.06056738813208	0.496080047607422	0.906669006347656	-1.05050800092505	0.0156431140899658	0.9598193359375	-1.05560944135473	0.535997314453125	0.828428649902344	-1.01353601606177	0.0299982566833496	0.830961059570313	-0.982477910593015	0.227924987792969	1.75088024902344	-1.01954895551489	0.0709918365478516	0.922993896484375	-1.02297180707739	0.15609440612793	1.05861437988281	-1.06205597455786	0.340510314941406	0.0383572998046875	-0.936982427194578	0.288394775390625	1.30219580078125	-1.02962128217505	0.283586059570313	1.43492541503906	-1.05167871625708	0.416738006591797	1.06969213867187	-1.06483118207739	0.354975189208984	1.73965551757812	-1.01249017865942
24	0.23	0.552045715332031	1.18474060058594	-1.10747801348485	0.477561920166016	1.52567175292969	-1.12744358965672	0.0981098251342774	1.53187573242188	-1.14803965899266	0.520339477539063	1.38048937988281	-1.12358952471532	0.367953674316406	1.66465197753906	-1.14512309405126	0.0224498138427734	1.26924267578125	-1.14697239825047	0.218553787231445	1.67684057617187	-1.15090934893407	0.287211639404297	1.56828259277344	-1.19905040118016	0.0176610240936279	0.906725646972656	-1.08043351885594	0.554089050292969	0.90505908203125	-1.09720201250829	0.00415643453598022	1.17612963867187	-1.13376762530126	0.145338241577148	1.47132055664063	-1.24272343584813	0.363589721679688	0.066771957397461	-1.1023661970786	0.417420349121094	0.527180847167969	-1.07356138750829	0.319181365966797	1.10792468261719	-1.24057579180516	0.301310760498047	1.2878935546875	-1.26646183916844	0.312012420654297	0.0347099494934082	-0.894208116023912	0.251088562011719	1.10193725585937	-1.23795805498876	0.137972915649414	0.522468505859375	-1.02937773272313	0.416620239257812	0.365739654541016	-1.07713237139501	0.134927139282227	0.411492889404297	-1.1337988142661	0.440139984130859	0.68855859375	-1.07008714434423	0.187253051757813	0.0494943809509278	-1.20385551592626	0.179076675415039	0.0865253677368165	-1.25006132647313	0.193963119506836	0.215812789916992	-1.3392421736411	0.249669921875	0.225730056762695	-1.39869639727391	0.126065696716309	0.671099975585937	-1.02546861407079	0.332092437744141	0.0324628677368165	-1.17041343828954	0.543922058105469	0.942492370605469	-1.05550517412938	0.495683074951172	0.909690612792969	-1.04565861651219	0.0150745553970337	0.961157409667969	-1.05743242022313	0.535174194335937	0.83180810546875	-1.00751866289891	0.0284965877532959	0.832719909667969	-0.983784287898912	0.227283935546875	1.75206945800781	-1.01825407549657	0.0700743637084961	0.924541259765625	-1.02402702471532	0.157581390380859	1.06123547363281	-1.06177702471532	0.340382873535156	0.0383021659851075	-0.948981980770006	0.288502624511719	1.30377709960937	-1.02910667559422	0.283407287597656	1.43646423339844	-1.05102250811376	0.417955047607422	1.07082177734375	-1.06464561602391	0.354446624755859	1.74092687988281	-1.01110685869969
25	0.24	0.552592224121094	1.18703076171875	-1.10424490104465	0.477633453369141	1.52769409179688	-1.12546304069309	0.0984025268554688	1.53285046386719	-1.14842916618137	0.520501281738281	1.38254443359375	-1.12077084098606	0.367746429443359	1.66632653808594	-1.14381057487278	0.0223861064910889	1.2703447265625	-1.14880032096653	0.218675399780273	1.67808178710937	-1.149718472822	0.287610717773437	1.56953576660156	-1.19818575797825	0.0174246788024902	0.907768249511719	-1.08214980827122	0.554077026367187	0.907452270507813	-1.09155520377903	0.00406447982788086	1.17707482910156	-1.1359733556345	0.14635856628418	1.47218298339844	-1.24241116081028	0.363487457275391	0.0669209747314454	-1.11432052360325	0.417214050292969	0.527060241699219	-1.08166799674778	0.320354187011719	1.10927490234375	-1.2400598424509	0.3026787109375	1.28947998046875	-1.26595174918918	0.312064056396484	0.0346403427124024	-0.906180264814184	0.252047866821289	1.1036494140625	-1.23775503288059	0.138722564697266	0.526463989257812	-1.01962807975559	0.416879425048828	0.365804840087891	-1.087632535322	0.135886215209961	0.413003173828125	-1.12089999137668	0.440164733886719	0.688541564941406	-1.07482467399387	0.186677642822266	0.0484730758666993	-1.1713874181345	0.178382202148438	0.0831272506713868	-1.21974593864231	0.193769073486328	0.206023391723633	-1.3165315221384	0.249271209716797	0.212446212768555	-1.37686379752903	0.126577758789062	0.675224487304688	-1.01846401725559	0.3319814453125	0.0326459159851075	-1.18241195426731	0.543573547363281	0.945248718261719	-1.05032900748997	0.495233459472656	0.912580017089844	-1.04068826041965	0.0144445276260376	0.96223388671875	-1.0592658971384	0.534226623535156	0.834942077636719	-1.00147219596653	0.0270051136016846	0.834223999023437	-0.985095731122778	0.226558364868164	1.75301477050781	-1.01699813590793	0.069140510559082	0.92582666015625	-1.02509664665012	0.159038543701172	1.06360766601563	-1.06140469108372	0.340339904785156	0.0382316665649415	-0.960921536786841	0.288698760986328	1.30519128417969	-1.02857150016575	0.283282806396484	1.43780114746094	-1.05040664420872	0.418996704101563	1.07141674804688	-1.06454470573215	0.353686492919922	1.74207531738281	-1.00957412467747
26	0.25	0.553258056640625	1.1890703125	-1.10106720852633	0.477697814941406	1.52948449707031	-1.12358344387789	0.0986882476806641	1.53353479003906	-1.14875721096774	0.520751770019531	1.38436694335938	-1.11809363674899	0.367554168701172	1.66782666015625	-1.14258722805758	0.0223061676025391	1.27119580078125	-1.15056525540133	0.218601547241211	1.67916784667969	-1.14867762112399	0.288066345214844	1.57106506347656	-1.19784912991305	0.0172149791717529	0.908504760742188	-1.08381440090914	0.554007751464844	0.909654174804687	-1.08580103420993	0.00395818972587585	1.17774487304687	-1.13816767239352	0.147144409179687	1.47284887695312	-1.24223114895602	0.363357940673828	0.0669917297363282	-1.12619959378024	0.417222320556641	0.527020080566406	-1.08978308987399	0.321390441894531	1.11046398925781	-1.23951325344821	0.303943786621094	1.29080041503906	-1.26540870022555	0.312068908691406	0.0346063613891602	-0.918040597198206	0.252950546264648	1.10509582519531	-1.23750086331149	0.13951904296875	0.53007763671875	-1.01072278713961	0.417026489257812	0.365786804199219	-1.09727887844821	0.136816024780273	0.413591186523438	-1.10826923489352	0.440253112792969	0.688307678222656	-1.07990503811618	0.185668334960938	0.0477233581542969	-1.13800159573336	0.177359313964844	0.0795202026367188	-1.18854712795993	0.193799575805664	0.195777633666992	-1.29274237942477	0.249181228637695	0.197981719970703	-1.35365876126071	0.127044647216797	0.678863037109375	-1.01194684719821	0.331910217285156	0.0328518218994141	-1.19421790432711	0.543236145019531	0.947799682617188	-1.04506043362399	0.494737457275391	0.915328491210938	-1.03560169338961	0.0137568473815918	0.963073059082031	-1.06108863186617	0.533166076660156	0.837876525878906	-0.995377694366175	0.0255451412200928	0.835361572265625	-0.986453316924769	0.225820907592773	1.75370068359375	-1.01587751126071	0.0681464462280273	0.926850891113281	-1.02622687649508	0.160478820800781	1.065662109375	-1.06097492337008	0.340276336669922	0.0381019554138184	-0.972855294463831	0.288997222900391	1.306380859375	-1.02803363919039	0.283183685302734	1.438947265625	-1.04980054592867	0.420292785644531	1.07184130859375	-1.06458405422946	0.3528408203125	1.74301684570312	-1.00799433254977
27	0.26	0.553970458984375	1.19083728027344	-1.09794481385957	0.477765838623047	1.53103332519531	-1.12179601014863	0.0989409408569336	1.53393859863281	-1.14897722352754	0.521102233886719	1.38598889160156	-1.11558611024629	0.367255126953125	1.66900463867188	-1.14139299501192	0.0222276725769043	1.27178662109375	-1.15219298280488	0.218386703491211	1.68003918457031	-1.14774663270723	0.288581604003906	1.57263208007813	-1.19765507997285	0.0169642162322998	0.90896337890625	-1.08546159852754	0.5538681640625	0.911639709472656	-1.07996257509004	0.00383324241638184	1.17817358398437	-1.14024925721895	0.147791641235352	1.47325915527344	-1.24208128846895	0.363215667724609	0.0669455490112305	-1.13806773866426	0.417153228759766	0.526903991699219	-1.09772289003145	0.322175933837891	1.11140576171875	-1.23891393007051	0.305154754638672	1.29184875488281	-1.26481841005098	0.312006469726562	0.0344698257446289	-0.929986317765822	0.253646286010742	1.1063037109375	-1.23724962342988	0.140208114624023	0.533409973144531	-1.00256395448457	0.416966705322266	0.365754913330078	-1.10632542909395	0.137655975341797	0.412948303222656	-1.0956364642502	0.440278778076172	0.687990966796875	-1.08518211854707	0.183965515136719	0.0474641838073731	-1.1040729876877	0.175940628051758	0.0761460571289063	-1.15655894960176	0.194108383178711	0.184727890014649	-1.26816289247285	0.249477005004883	0.182487182617188	-1.32915953553926	0.127447860717773	0.682791198730469	-1.00580132020723	0.331855163574219	0.0329447021484376	-1.2059680682541	0.542898864746094	0.950155822753906	-1.03972227967988	0.494207092285156	0.917930908203125	-1.03040471376192	0.01304261302948	0.9636435546875	-1.06289574159395	0.532000427246094	0.840645629882813	-0.989193776261916	0.0241199283599854	0.836103271484375	-0.987871022355666	0.225032363891602	1.75418347167969	-1.01475566591035	0.0670908050537109	0.927640502929687	-1.0273499041916	0.16191145324707	1.06734594726563	-1.06052715028535	0.340327392578125	0.0380394554138184	-0.984770436418166	0.289379058837891	1.30730224609375	-1.0274993182541	0.283121063232422	1.43989709472656	-1.04916350282442	0.421524047851562	1.07207946777344	-1.0645500995041	0.352044158935547	1.74369323730469	-1.00649181092988
28	0.27	0.5546904296875	1.19233337402344	-1.09486843970063	0.477836059570312	1.53233239746094	-1.12008584692719	0.0991437759399414	1.53408361816406	-1.14908584692719	0.521450927734375	1.387435546875	-1.11315756323578	0.366870727539063	1.66986657714844	-1.14015506079438	0.0221626930236816	1.27211193847656	-1.15364157202484	0.218091873168945	1.68065625	-1.14686801245453	0.288885711669922	1.57329138183594	-1.19676321509125	0.0166324977874756	0.909184020996094	-1.08711367895844	0.553682373046875	0.913409729003906	-1.07408474829438	0.00367914199829102	1.17838110351563	-1.14215396216156	0.148453796386719	1.47349584960938	-1.24193411352875	0.363007019042969	0.0668935089111329	-1.14990988257172	0.417118316650391	0.526595886230469	-1.10537814429047	0.322737854003906	1.11204382324219	-1.23842349341156	0.306328704833984	1.29266918945313	-1.26419992163422	0.311929046630859	0.0345102767944336	-0.941790192630313	0.254171173095703	1.10719287109375	-1.23693844702484	0.140824493408203	0.536282897949219	-0.995043671634219	0.416764923095703	0.365655456542969	-1.11506668188813	0.13833349609375	0.410998748779297	-1.08290054419281	0.440160003662109	0.687642822265625	-1.09035971167328	0.181580215454102	0.047308837890625	-1.07007779028656	0.174442611694336	0.0725315170288086	-1.1242265939975	0.193944808959961	0.173363342285156	-1.24274667456391	0.249943664550781	0.166394577026367	-1.30327987768891	0.128005157470703	0.686554321289062	-1.00035092261078	0.331976715087891	0.0335942344665528	-1.21814218237641	0.542548034667969	0.952325805664063	-1.03433548071625	0.493647979736328	0.92035693359375	-1.02511612036469	0.0123292446136475	0.963912353515625	-1.06465994360688	0.530750305175781	0.843259399414062	-0.982886567142032	0.0227339878082275	0.836486999511719	-0.989335053470157	0.224271957397461	1.75442004394531	-1.01359988501313	0.0660372924804687	0.928167663574219	-1.02839981177094	0.16331086730957	1.06867053222656	-1.06006106665375	0.340490570068359	0.0381186485290528	-0.996603913333438	0.289786865234375	1.30791381835938	-1.02694992163422	0.283089324951172	1.44062512207031	-1.0484648752475	0.422539154052734	1.07235412597656	-1.06440664770844	0.351307647705078	1.74412902832031	-1.00509079077484
29	0.28	0.555423950195313	1.19353942871094	-1.09181385509246	0.477905487060547	1.53336608886719	-1.11843208019012	0.0992984237670898	1.53397802734375	-1.14908790294402	0.521804077148437	1.38861584472656	-1.1108196534323	0.366507659912109	1.67044299316406	-1.13892963878387	0.0221148147583008	1.27217626953125	-1.15489704601043	0.217737289428711	1.68096252441406	-1.1459870728659	0.289018157958984	1.57331604003906	-1.19556605235808	0.0162390823364258	0.909189331054687	-1.08875916759246	0.553472473144531	0.914952270507812	-1.06816309825652	0.00349452209472656	1.17837475585938	-1.1438548096823	0.149153686523437	1.47358764648438	-1.24175544444793	0.362597991943359	0.0668470001220704	-1.16172260753387	0.417156585693359	0.526319213867187	-1.11282838145965	0.323278961181641	1.11239660644531	-1.2380003174948	0.307394866943359	1.29318688964844	-1.26356428233855	0.311859436035156	0.034447509765625	-0.953618908803397	0.254665405273438	1.10772729492188	-1.23652619640105	0.141508178710938	0.538384338378906	-0.988187817494804	0.416652282714844	0.365282409667969	-1.12381428233855	0.13866618347168	0.407829895019531	-1.07017762462371	0.440219268798828	0.687316467285156	-1.09542908946746	0.178967880249023	0.0471015090942383	-1.03608533946746	0.172709671020508	0.0687044372558594	-1.09166920177215	0.194385604858398	0.16116047668457	-1.21633674327605	0.250521820068359	0.15007421875	-1.27580549327605	0.128435607910156	0.689522338867188	-0.995451245229179	0.331753662109375	0.0339170951843262	-1.2301823853659	0.542172790527344	0.954293090820313	-1.02891303722137	0.493058166503906	0.922555603027344	-1.01976813976043	0.0116358737945557	0.963878845214844	-1.0663571900534	0.529445861816406	0.845713684082031	-0.976474316518241	0.0213920974731445	0.836563354492188	-0.990825329701835	0.223547927856445	1.75437768554688	-1.01254389659637	0.0649942855834961	0.928338439941406	-1.02943751231902	0.164638748168945	1.0696591796875	-1.05955158702605	0.340354888916016	0.0380213928222657	-1.0084382447409	0.290150817871094	1.30819689941406	-1.02634565440887	0.283054229736328	1.44106311035156	-1.04771400157683	0.423893615722656	1.0721171875	-1.0643206299948	0.350548248291016	1.74438000488281	-1.00373524181121
30	0.29	0.556149108886719	1.19447631835937	-1.08874718552336	0.477970886230469	1.53410522460937	-1.11681035691008	0.0994223251342773	1.53361804199219	-1.14897313767179	0.522215637207031	1.38948266601562	-1.10871300583586	0.366115417480469	1.67074462890625	-1.13772203903898	0.0220793781280518	1.27198608398438	-1.15597502976164	0.217393249511719	1.6809453125	-1.14506176071867	0.289249969482422	1.57370092773437	-1.19492626267179	0.0158251094818115	0.908956115722656	-1.09036956101164	0.553239135742188	0.916236633300781	-1.06217333298429	0.00329447221755981	1.17815283203125	-1.14535112839445	0.149815017700195	1.4734599609375	-1.24149102097258	0.362194122314453	0.0669209747314454	-1.17366875534758	0.417146881103516	0.526022094726562	-1.12029473191008	0.323860778808594	1.11238806152344	-1.23745702439054	0.308341644287109	1.29336889648438	-1.26289452439054	0.311744018554688	0.0343990936279297	-0.965284416968669	0.255147094726562	1.10798596191406	-1.23609050827726	0.142173110961914	0.539861511230469	-0.981978691871013	0.416649261474609	0.365132720947266	-1.13273400192961	0.138695083618164	0.403656158447266	-1.05737542038664	0.440687774658203	0.686957885742188	-1.10044811325773	0.176206314086914	0.0472227401733399	-1.00195891648039	0.170599700927734	0.0651940536499024	-1.05879839401945	0.194999908447266	0.148673889160156	-1.18888994675383	0.251340393066406	0.133523986816406	-1.24692260056242	0.128793197631836	0.691826538085938	-0.991193779761638	0.331133880615234	0.0336928901672364	-1.24203746872648	0.54176220703125	0.956026733398437	-1.02346611862883	0.492438751220703	0.924500793457031	-1.01438738327726	0.0109722452163696	0.963572265625	-1.06797710495695	0.52811669921875	0.848014404296875	-0.969988335425701	0.0200994892120361	0.836358703613281	-0.992330803687419	0.22281233215332	1.75410961914063	-1.01157958298429	0.0639800109863281	0.928126098632812	-1.0305303276132	0.165848968505859	1.07038452148438	-1.05888695603117	0.340312805175781	0.03790775680542	-1.02029558640226	0.290428924560547	1.30816247558594	-1.02565746384367	0.282989227294922	1.44115515136719	-1.04690984421476	0.425061737060547	1.07161315917969	-1.0643447807382	0.349728912353516	1.74440161132813	-1.00245092087492
31	0.3	0.556844482421875	1.19516003417969	-1.08566659993863	0.478029846191406	1.53452648925781	-1.11519351644254	0.0995255126953125	1.53300476074219	-1.14872769613004	0.522670776367188	1.39002270507813	-1.10676523275113	0.365664916992188	1.67068444824219	-1.13653628988004	0.0220509757995605	1.27154382324219	-1.15691202230191	0.217033874511719	1.68060241699219	-1.14409720296597	0.289390045166016	1.57362878417969	-1.194092137048	0.0154185361862183	0.908466552734375	-1.09191714925504	0.552951721191406	0.917251770019531	-1.05613950032925	0.00309619855880737	1.17771215820312	-1.14665305013394	0.150400360107422	1.47305163574219	-1.24112686605191	0.361613708496094	0.0666588287353516	-1.18534286946988	0.417112274169922	0.525702087402344	-1.12774112386441	0.324274475097656	1.11206689453125	-1.23681125325894	0.309154907226563	1.29332751464844	-1.26219424886441	0.311527923583984	0.0343625869750977	-0.97695889730191	0.255603164672852	1.10793786621094	-1.23563919515347	0.142767593383789	0.540740966796875	-0.976494297692535	0.416570343017578	0.365030395507813	-1.14206369466519	0.138733383178711	0.398691619873047	-1.04441006917691	0.441120239257813	0.686556396484375	-1.10535940999722	0.173282562255859	0.047947982788086	-0.967748997399566	0.168356216430664	0.0623273849487305	-1.02552878255582	0.195401779174805	0.136704315185547	-1.16037100667691	0.252285858154297	0.117140602111816	-1.21687521810269	0.129267868041992	0.693636840820313	-0.987496617028473	0.330628570556641	0.0338530349731446	-1.25394986409879	0.541311889648437	0.957508239746094	-1.01800290364957	0.491800628662109	0.926210205078125	-1.00898172445035	0.0103589820861816	0.96301806640625	-1.0695169417355	0.526779602050781	0.850169372558594	-0.963435154626129	0.0188709201812744	0.83586083984375	-0.993845371911285	0.222080810546875	1.75363549804688	-1.01058560628629	0.063067440032959	0.927603393554688	-1.03165744466519	0.166884216308594	1.07097619628906	-1.05791855306363	0.340449645996094	0.0380100860595704	-1.03213937825894	0.290614624023438	1.30782934570312	-1.02489688558316	0.282904327392578	1.44088745117188	-1.04603824300504	0.426001159667969	1.07103686523437	-1.06407315511441	0.348930145263672	1.7441728515625	-1.00125784749722
32	0.31	0.557481567382813	1.19555090332031	-1.08256562861171	0.478082702636719	1.53463598632812	-1.11355348261562	0.0996003875732422	1.53215417480469	-1.14834516962734	0.523097778320312	1.390240234375	-1.10486647089687	0.365248260498047	1.67034350585937	-1.1354121862289	0.0220284900665283	1.27085388183594	-1.15773725947109	0.21662077331543	1.67995715332031	-1.14310133417812	0.289414855957031	1.57313525390625	-1.19300312861171	0.0150208959579468	0.907721618652344	-1.09338240107265	0.552591735839844	0.918009704589844	-1.05009718378749	0.0029128692150116	1.17704431152344	-1.14777766474453	0.150914443969727	1.47237243652344	-1.24066145380703	0.360664855957031	0.0660147552490235	-1.19658589228359	0.41704052734375	0.525405639648438	-1.13518922480312	0.324508209228516	1.11151708984375	-1.23616352900234	0.309776550292969	1.29303674316406	-1.26145234736171	0.311629058837891	0.0344447593688965	-0.98865602167812	0.256017333984375	1.10748181152344	-1.23507923945156	0.143495559692383	0.540907897949219	-0.971888626658588	0.416518676757813	0.364905517578125	-1.15163105829921	0.138719741821289	0.393226837158203	-1.03154414423671	0.441278869628906	0.686069763183594	-1.1101026159164	0.170305389404297	0.0494066009521485	-0.933587418162495	0.166150909423828	0.0600640487670899	-0.99201832636562	0.19595556640625	0.125020942687988	-1.13105165156093	0.253354598999023	0.101318023681641	-1.18557435663906	0.129654220581055	0.694966735839844	-0.984375076853901	0.330151214599609	0.0341890182495118	-1.26589222773281	0.540824829101562	0.95873974609375	-1.01252809199062	0.491149475097656	0.92772021484375	-1.00355232294765	0.00980439567565918	0.962210571289063	-1.07095704706874	0.525437622070313	0.8521611328125	-0.956817459666401	0.0177263374328613	0.835030883789063	-0.995359451853901	0.221353805541992	1.75294421386719	-1.00955696161953	0.0622515907287598	0.926826843261719	-1.03274879511562	0.167730438232422	1.07142980957031	-1.05667994745937	0.340466979980469	0.0379778060913086	-1.04395747431484	0.290727996826172	1.30719946289062	-1.02410353144374	0.282810974121094	1.44028723144531	-1.04510267695156	0.427035797119141	1.07003479003906	-1.06391334589687	0.348198455810547	1.74373425292969	-1.00010267695156
33	0.32	0.558029357910156	1.19564892578125	-1.07946557281214	0.478128234863281	1.53444677734375	-1.11187499664027	0.0996334075927734	1.5310908203125	-1.14782250640589	0.523485229492188	1.39011840820313	-1.10304870269495	0.364864135742188	1.66980895996094	-1.13422698638636	0.022009313583374	1.2699208984375	-1.15846056792933	0.216181396484375	1.67904174804688	-1.14209820220667	0.289444305419922	1.57261840820312	-1.19199016998011	0.0146192388534546	0.906718933105469	-1.09476549956995	0.552177917480469	0.918539794921875	-1.04405321929652	0.00275038051605225	1.17613952636719	-1.14874609039027	0.151331604003906	1.47147375488281	-1.24009112212855	0.360630889892578	0.067134750366211	-1.20894268462855	0.416955291748047	0.525027404785156	-1.1427351650973	0.324777130126953	1.11086389160156	-1.23545891998011	0.310250244140625	1.29243212890625	-1.26060509917933	0.311284973144531	0.0346259994506836	-1.00033465240199	0.256354400634766	1.10673010253906	-1.23437621734339	0.144305236816406	0.540320495605469	-0.968208797909798	0.416592712402344	0.364640014648438	-1.16141808746058	0.13853955078125	0.387531768798828	-1.01878503081995	0.441237823486328	0.685368225097656	-1.11472179839808	0.167487350463867	0.0515781898498535	-0.89927532623011	0.163841064453125	0.0585212097167969	-0.958336056210579	0.196178833007812	0.113720161437988	-1.10099248931605	0.254509872436523	0.0864163131713868	-1.15292858550745	0.130284637451172	0.695530212402344	-0.982021725155892	0.329775207519531	0.0343858909606934	-1.2776755947848	0.540299499511719	0.959727600097656	-1.00705083892542	0.490477355957031	0.929040954589844	-0.998108089901985	0.00929297161102295	0.961144836425781	-1.07227593658167	0.524110290527344	0.853948059082031	-0.950165585019173	0.0166822261810303	0.833856262207031	-0.996853573300423	0.220645172119141	1.75202233886719	-1.00853490874964	0.0614936790466309	0.925816772460938	-1.03380535552699	0.168450500488281	1.07151477050781	-1.05543175933558	0.340387054443359	0.0377255210876465	-1.05579662749964	0.290801818847656	1.30627185058594	-1.02329937408167	0.282687408447266	1.43940295410156	-1.04412408111292	0.42802197265625	1.06880932617187	-1.06359277007777	0.347542388916016	1.74307983398437	-0.99894085357386
34	0.33	0.55846337890625	1.19551599121094	-1.0763956073446	0.478147735595703	1.53394958496094	-1.11019773136804	0.0996167068481445	1.52982141113281	-1.14716190373132	0.523793334960937	1.38970556640625	-1.10124735295007	0.364445404052734	1.66899841308594	-1.13302591740319	0.0219912719726563	1.26875573730469	-1.15906888615319	0.215727142333984	1.67787170410156	-1.14107785832116	0.289472351074219	1.57170397949219	-1.19093753849694	0.0142151803970337	0.905443969726562	-1.09607163273523	0.551732238769531	0.918863647460938	-1.03801828800866	0.00261236476898193	1.17498400878906	-1.14957804142663	0.151630386352539	1.47038049316406	-1.23940512882898	0.360260772705078	0.0677050933837891	-1.22107224308679	0.416854156494141	0.524513244628906	-1.15018949162194	0.325036682128906	1.10993627929687	-1.23461478459069	0.310594604492188	1.29159130859375	-1.25965323673913	0.311150939941406	0.0346254386901856	-1.01215268742273	0.256677215576172	1.10580798339844	-1.23354776798913	0.145017883300781	0.538932556152344	-0.965479408614133	0.416810546875	0.364405792236328	-1.17129959904382	0.138527725219727	0.3818515625	-1.00607413517663	0.441293731689453	0.684268127441406	-1.11909671818444	0.164970306396484	0.0546551780700684	-0.865062050215695	0.161633880615234	0.0576525421142578	-0.924561500899289	0.196530410766602	0.103166786193848	-1.0701094745321	0.255234344482422	0.0728865127563477	-1.11934885441491	0.131233947753906	0.695268371582031	-0.980524452559445	0.3293447265625	0.0346063766479493	-1.28951316105554	0.53972705078125	0.960478271484375	-1.00158982121179	0.489775543212891	0.930141662597656	-0.992667213789914	0.00881436729431152	0.959844665527344	-1.07346530949304	0.522822692871094	0.855515014648437	-0.943527748457882	0.0157506504058838	0.832366882324219	-0.998306373946164	0.220002685546875	1.75084655761719	-1.00754746281335	0.0608488998413086	0.924419860839844	-1.03492289005944	0.169090682983398	1.07106188964844	-1.05433042179773	0.340117401123047	0.037236629486084	-1.06763620793054	0.290846405029297	1.30506604003906	-1.02246976505944	0.282515350341797	1.43826806640625	-1.04311258732507	0.4285419921875	1.06720654296875	-1.06335282170007	0.346912078857422	1.74221081542969	-0.997769935957882
35	0.34	0.558785400390625	1.19517761230469	-1.07335200906456	0.478104248046875	1.53311779785156	-1.10862721658409	0.0995500869750977	1.5283271484375	-1.14636623025597	0.524023254394531	1.38897961425781	-1.0993968699044	0.363965393066406	1.6678642578125	-1.13182490945519	0.0219669246673584	1.26737133789063	-1.15954005838097	0.215257614135742	1.67645678710937	-1.14000966287315	0.289401947021484	1.570470703125	-1.18985768533409	0.0138341045379639	0.903894775390625	-1.097308429963	0.551249267578125	0.918966674804688	-1.03201216531456	0.00249760031700134	1.173564453125	-1.15028090310753	0.151828903198242	1.4690791015625	-1.23859523416222	0.359797454833984	0.0676737060546876	-1.23290822244347	0.416848937988281	0.5240263671875	-1.1573119089669	0.325215362548828	1.10869689941406	-1.2337152292794	0.310793273925781	1.29047387695312	-1.25872102761925	0.311114837646484	0.0346086959838868	-1.02395180154503	0.256987457275391	1.10466198730469	-1.23264863992394	0.145563415527344	0.536876098632812	-0.963754657990342	0.416685943603516	0.364246673583984	-1.18085695291222	0.138913345336914	0.37613623046875	-0.993720173127061	0.441414581298828	0.682951477050781	-1.12318263650597	0.162994293212891	0.0588029251098633	-0.831115497834092	0.159867950439453	0.0578720359802246	-0.890687244660264	0.196428405761719	0.0940046005249024	-1.03862819314659	0.255228546142578	0.0611598587036133	-1.08547426248253	0.132066421508789	0.694468505859375	-0.979651264435654	0.32886572265625	0.034947437286377	-1.30144899392784	0.539109558105469	0.961000061035156	-0.996169513947373	0.48905126953125	0.93097998046875	-0.987246296173936	0.00836977481842041	0.958309875488281	-1.07454420877159	0.521584167480469	0.856887878417969	-0.936932392365342	0.0149362630844116	0.830598083496094	-0.999712421662217	0.219374176025391	1.74946826171875	-1.00652730203331	0.0604623641967773	0.922340393066406	-1.03623256326378	0.169635787963867	1.07009313964844	-1.0533011667794	0.339809417724609	0.0368315353393555	-1.07940657449425	0.290861846923828	1.30360876464844	-1.02159584451378	0.282311248779297	1.43688073730469	-1.04206911111534	0.429032012939453	1.0653251953125	-1.06271651101769	0.346247711181641	1.74112817382813	-0.996592792755967
36	0.35	0.559087585449219	1.19452905273438	-1.07040020765952	0.477960296630859	1.53195068359375	-1.1072739869564	0.0994226455688477	1.52660815429688	-1.14543170180014	0.524164672851563	1.38796264648438	-1.09757525648765	0.363480163574219	1.66647839355469	-1.13066345228843	0.0219274501800537	1.265779296875	-1.15985058607749	0.214773086547852	1.67480114746094	-1.13889941420249	0.289324737548828	1.56907788085938	-1.18861309828452	0.0135027437210083	0.902080871582031	-1.09848413099936	0.550730224609375	0.918826049804688	-1.02606158461265	0.00239377427101135	1.17188391113281	-1.15084710707358	0.151939529418945	1.46754345703125	-1.23765130629233	0.359474212646484	0.0678192367553711	-1.24480462660483	0.416959594726563	0.523380187988281	-1.16387475599936	0.325366577148438	1.10718518066406	-1.23273071303061	0.310881134033203	1.2890869140625	-1.25782421888999	0.310845550537109	0.0340897331237793	-1.03552783217124	0.257206115722656	1.10317077636719	-1.23163366713218	0.145918609619141	0.534350402832031	-0.962919067522801	0.416559631347656	0.363800476074219	-1.18998846449546	0.139439224243164	0.370959167480469	-0.981969360491551	0.441200439453125	0.681773315429688	-1.12712420668296	0.16183137512207	0.0646465530395508	-0.797507049700536	0.158587768554688	0.0601580429077149	-0.856825897356786	0.195500381469727	0.0868066177368164	-1.00687628187827	0.254480194091797	0.0514097900390625	-1.05172497572593	0.132809051513672	0.693024353027344	-0.979522522112645	0.328429779052734	0.0353703231811524	-1.31337756361655	0.538470764160156	0.961297546386719	-0.990813171526708	0.488319000244141	0.931544494628906	-0.981852722307958	0.00797309589385986	0.9565	-1.07555468763999	0.520393371582031	0.858072998046875	-0.930393188616551	0.0142295179367065	0.828563598632812	-1.00108441176108	0.218724212646484	1.74789477539063	-1.00546862806968	0.0602585945129395	0.91985205078125	-1.03747973646811	0.170023544311523	1.06869738769531	-1.05219604506186	0.339674987792969	0.0366854438781739	-1.09125646986655	0.290850250244141	1.30193920898438	-1.02064886488608	0.282115356445312	1.43524792480469	-1.04097735609702	0.429359375	1.0638056640625	-1.06157843031577	0.345577514648438	1.73979333496094	-0.995437561175145
37	0.36	0.559414428710937	1.1934912109375	-1.0675853691451	0.477713439941406	1.53049792480469	-1.10616941455526	0.0992246627807617	1.52469677734375	-1.14436222461385	0.524196838378906	1.38668127441406	-1.09570811084432	0.363021270751953	1.66487145996094	-1.12947440723104	0.0218580703735352	1.2639912109375	-1.15997440723104	0.214268966674805	1.67290893554688	-1.1377631035201	0.2891494140625	1.56732189941406	-1.1873588066451	0.0132218732833862	0.900030822753906	-1.09958549121542	0.550166015625	0.91844384765625	-1.02022465137167	0.00228146743774414	1.16995947265625	-1.15126090625448	0.151949157714844	1.46576477050781	-1.23659720996542	0.359168334960938	0.0681095123291016	-1.25673960498495	0.416996002197266	0.522446533203125	-1.17001530078573	0.325376495361328	1.10540771484375	-1.23163663867635	0.31087353515625	1.28747570800781	-1.25677811816854	0.310827453613281	0.0339925384521485	-1.04735648730917	0.257298950195313	1.10136975097656	-1.23040916064901	0.146268981933594	0.531461486816406	-0.962883831059167	0.416630249023437	0.363266967773438	-1.19830338672323	0.139819366455078	0.367030578613281	-0.971218242680261	0.441097869873047	0.6806943359375	-1.1310316582076	0.161311874389648	0.0729479064941406	-0.764676067387292	0.157724517822266	0.0649554824829102	-0.823520122563073	0.194400695800781	0.0817319488525391	-0.975233013188073	0.253142791748047	0.0438199768066407	-1.01824235156698	0.133539031982422	0.690916809082031	-0.980262920414636	0.327938720703125	0.0359592094421387	-1.32524442676229	0.537833618164062	0.961362548828125	-0.985543071781823	0.487588500976563	0.93185205078125	-0.976498333012292	0.00763233184814453	0.954387512207031	-1.07651371387167	0.519256164550781	0.8590595703125	-0.923927196537683	0.0136116828918457	0.826262817382812	-1.00243095019979	0.218039108276367	1.74610632324219	-1.00439878467245	0.0597821655273438	0.917800354003906	-1.03814957812948	0.170180786132813	1.06693395996094	-1.0509305229537	0.339581329345703	0.0365715713500977	-1.10317960742635	0.290811370849609	1.30008911132812	-1.01959672168417	0.281942138671875	1.43338171386719	-1.03983433154745	0.429394134521484	1.06201000976563	-1.06014127734823	0.344939453125	1.7381943359375	-0.994324565922448
38	0.37	0.559649536132813	1.1921904296875	-1.06480806725178	0.477404479980469	1.52882763671875	-1.10524477379475	0.0989564971923828	1.52261364746094	-1.14317934410725	0.524161743164062	1.38514135742187	-1.09378810875569	0.362573303222656	1.66301916503906	-1.1282163924471	0.0217446098327637	1.26199487304688	-1.15989162438069	0.213754516601562	1.67079931640625	-1.13662526695881	0.288884796142578	1.56550915527344	-1.18619747154866	0.0129695835113525	0.89779345703125	-1.10058089440022	0.549546997070313	0.9178447265625	-1.01453298180256	0.00214229369163513	1.16781726074219	-1.15149752037678	0.15185075378418	1.46375048828125	-1.23545296471272	0.358712554931641	0.0682972106933594	-1.26845961754475	0.41693994140625	0.521373596191406	-1.17585317223225	0.325271270751953	1.10337951660156	-1.230342918326	0.310743286132812	1.28557543945313	-1.25558632652913	0.31087451171875	0.0340001449584961	-1.05918837731038	0.257215148925781	1.09932080078125	-1.22908266441975	0.146784225463867	0.528498352050781	-0.963561912466627	0.416444030761719	0.362844879150391	-1.20598165123616	0.139865371704102	0.36425634765625	-0.961941978384595	0.441298950195313	0.679530151367188	-1.1347013167635	0.161260620117188	0.0836153717041016	-0.733159904409986	0.157330093383789	0.0719719924926758	-0.791340263296705	0.193449890136719	0.0783960876464844	-0.944453056265455	0.251620941162109	0.038041316986084	-0.985265037466627	0.133872009277344	0.688095275878906	-0.982001914908033	0.327432159423828	0.0367347488403321	-1.3370835799471	0.537204772949219	0.961181762695313	-0.980376060415845	0.486866516113281	0.931927856445313	-0.971200157095533	0.00731972074508667	0.952024291992188	-1.07737606041585	0.518169372558594	0.859856811523438	-0.917552696158033	0.0130619659423828	0.823686279296875	-1.00374245445881	0.217358474731445	1.74407580566406	-1.00329860680256	0.0589634971618652	0.915901489257813	-1.03860146324788	0.170090255737305	1.06482592773438	-1.04949398033772	0.339472778320313	0.0364591331481934	-1.11509023277913	0.290748382568359	1.29804418945312	-1.01843563072835	0.281793273925781	1.43125915527344	-1.03869344322835	0.42943408203125	1.05996484375	-1.05870992272053	0.344300598144531	1.73638037109375	-0.993213035513501
39	0.38	0.5597578125	1.19071728515625	-1.0620551183858	0.4770615234375	1.52695568847656	-1.10435791379596	0.0986179504394531	1.52035815429687	-1.14190051633502	0.524091491699219	1.3833828125	-1.09197247678424	0.362073425292969	1.6609208984375	-1.12693774778034	0.0215826778411865	1.25977124023438	-1.15958783322955	0.2132138671875	1.66853247070313	-1.1354705846944	0.288695098876953	1.56342395019531	-1.18490979367877	0.0127317886352539	0.89539013671875	-1.10145135862018	0.54887890625	0.917054260253906	-1.00897265988971	0.00197011315822601	1.16548986816406	-1.15152301389362	0.151630096435547	1.46154089355469	-1.23420502072955	0.35798388671875	0.0684489669799805	-1.27976904660846	0.417151824951172	0.520496398925781	-1.18094299680377	0.325053466796875	1.10118322753906	-1.22893860227252	0.310480773925781	1.28339331054688	-1.25437170774127	0.310850799560547	0.0340024147033692	-1.07104242307331	0.257043090820313	1.097025390625	-1.22767090207721	0.147554946899414	0.525451538085937	-0.964566196266664	0.416343048095703	0.362115936279297	-1.21300696164752	0.139955718994141	0.361827514648438	-0.954426120583071	0.44154931640625	0.678113830566406	-1.13777008420612	0.161667724609375	0.0960900039672852	-0.703747775856508	0.157335922241211	0.0807248916625977	-0.761063113991274	0.192286239624023	0.0769994735717774	-0.915110965553774	0.25015754699707	0.0337169265747071	-0.95326922971393	0.133450942993164	0.684679382324219	-0.984501895729555	0.327037780761719	0.0374682273864747	-1.34894317990924	0.53658154296875	0.960764770507813	-0.975319461647524	0.486155639648437	0.931797973632812	-0.965978000465883	0.00699385929107666	0.949491027832031	-1.07807556516315	0.517126098632813	0.860457885742188	-0.911306064430727	0.0125747270584106	0.820824279785156	-1.00499188596393	0.21674528503418	1.74181762695313	-1.0021869543233	0.0582782707214356	0.91339404296875	-1.03925091916705	0.169820922851563	1.06237707519531	-1.04790820676471	0.339390258789062	0.0363738861083985	-1.1269457433858	0.290659088134766	1.29581530761719	-1.01717889768268	0.281666809082031	1.42884118652344	-1.03764068967487	0.429246459960938	1.05767736816406	-1.05713403684284	0.343626098632813	1.73440124511719	-0.992044925514711
40	0.39	0.559816101074219	1.18907312011719	-1.0593937222542	0.476663391113281	1.52489294433594	-1.10329032869951	0.0982050857543945	1.51793664550781	-1.14054191561358	0.523943359375	1.38146862792969	-1.09015287752764	0.361508483886719	1.65866870117188	-1.12566117830889	0.0213638858795166	1.25735815429688	-1.15904850741045	0.212615798950195	1.66615661621094	-1.13429173250811	0.288231201171875	1.56127502441406	-1.18390727205889	0.0125003776550293	0.892806518554688	-1.10218772860186	0.548192016601562	0.916082885742188	-1.00353587313311	0.00177160799503326	1.16301000976563	-1.15130601473467	0.151296051025391	1.45917822265625	-1.23286759920733	0.357648071289063	0.0689060516357422	-1.29134947176592	0.417399780273437	0.51949365234375	-1.18536015291826	0.324776611328125	1.0987353515625	-1.22736857576983	0.310136688232422	1.28103601074219	-1.2531114956917	0.310907135009766	0.0338179588317871	-1.08283195467608	0.256863952636719	1.09455603027344	-1.22621311922686	0.14845458984375	0.522211303710937	-0.965356612879202	0.416138366699219	0.361273529052734	-1.21967485018389	0.140399887084961	0.359663024902344	-0.947974136072561	0.441678161621094	0.676493896484375	-1.14018095369951	0.162171768188477	0.10959920501709	-0.677193786341116	0.157368057250977	0.0907914886474609	-0.733305801111624	0.191272079467773	0.0774775772094727	-0.887505752283499	0.248844314575195	0.0311321907043457	-0.922983260828421	0.132310089111328	0.680856811523437	-0.987316940027639	0.326805633544922	0.0381055641174317	-1.36086186190264	0.535957275390625	0.960146484375	-0.970382674890921	0.485458068847656	0.931465942382813	-0.960866714197561	0.00665001916885376	0.946791564941406	-1.07859440584795	0.51614794921875	0.860852416992188	-0.905217422205374	0.0121630172729492	0.817697509765625	-1.00614164705889	0.216148681640625	1.73945056152344	-1.0010880581917	0.0578781585693359	0.910393310546875	-1.03992265291826	0.169448013305664	1.05961413574219	-1.0462120816292	0.339289154052734	0.0362020950317383	-1.1388267666878	0.290533569335937	1.29344543457031	-1.01584910555498	0.281538024902344	1.42614477539063	-1.03669236727373	0.429009490966797	1.055259765625	-1.05550956698076	0.34296533203125	1.73226135253906	-0.990837630945608
41	0.4	0.5598544921875	1.18729858398438	-1.05680440864213	0.476196380615234	1.5226923828125	-1.10195870551713	0.0977109603881836	1.51537841796875	-1.13913161811479	0.523579833984375	1.37941772460938	-1.08819051704057	0.3608955078125	1.65628771972656	-1.1244598651851	0.0211014671325684	1.2548076171875	-1.15827352485307	0.211960296630859	1.66368566894531	-1.13308541450151	0.286888824462891	1.55913818359375	-1.1833250995601	0.0122698450088501	0.890037353515625	-1.10276809272416	0.547520812988281	0.9149345703125	-0.998255763622599	0.00155244851112366	1.16041101074219	-1.15083187446244	0.150880645751953	1.4566806640625	-1.23146395454057	0.357461303710937	0.0691940689086915	-1.30295211372026	0.417378631591797	0.518159912109375	-1.18932845649369	0.32448046875	1.09609216308594	-1.2257254901851	0.309767974853516	1.27858142089844	-1.25179622993119	0.310686859130859	0.0337876815795899	-1.09469753608354	0.256671112060547	1.092048828125	-1.22473842963822	0.149201995849609	0.518773681640625	-0.965642757030802	0.416122589111328	0.360440979003906	-1.22619192084916	0.141112228393555	0.357537933349609	-0.941334376903849	0.441760101318359	0.674734619140625	-1.14215774116166	0.162688400268555	0.123427322387695	-0.653779918285685	0.15746223449707	0.101645835876465	-0.708670970531779	0.190693771362305	0.0792070007324219	-0.862114223095255	0.247818344116211	0.0304235706329346	-0.895280452343302	0.130036987304687	0.6767119140625	-0.990358028026896	0.326753936767578	0.0389593582153321	-1.37272176704057	0.535336853027344	0.959354919433594	-0.965592280956583	0.484775787353516	0.930938598632812	-0.955901485058146	0.00630845260620117	0.943913818359375	-1.07894411811479	0.515263061523437	0.861049621582031	-0.899323970409708	0.0118281240463257	0.814369934082031	-1.00715493354447	0.215463439941406	1.73706555175781	-0.999945827099161	0.0576204299926758	0.907251403808594	-1.04041939887651	0.169020431518555	1.05666333007812	-1.04443142280229	0.339153411865234	0.0359510269165039	-1.15072378120072	0.290341888427734	1.29099462890625	-1.01446029243119	0.281354309082031	1.42333312988281	-1.03571615180619	0.428670104980469	1.05274609375	-1.05378133735307	0.342320739746094	1.72998181152344	-0.989659663769083
42	0.41	0.559846313476563	1.18543310546875	-1.05424774883865	0.475657135009766	1.52039147949219	-1.10048645733475	0.0971413040161133	1.51272924804688	-1.13769489239334	0.52302587890625	1.37722717285156	-1.08621765850662	0.360258972167969	1.65387963867188	-1.12330030010818	0.0208273963928223	1.25215869140625	-1.15728565167068	0.211261535644531	1.66113818359375	-1.13184052227615	0.285735412597656	1.55665563964844	-1.18214203594803	0.0120341386795044	0.887128540039062	-1.10316852520584	0.546873901367187	0.913629089355469	-0.993177894102324	0.00130866122245789	1.15772961425781	-1.15010828350662	0.150398864746094	1.45407580566406	-1.23002613018631	0.357355224609375	0.0695750350952149	-1.3145070261824	0.417346496582031	0.516661682128906	-1.19282111309646	0.324248504638672	1.09336071777344	-1.2240523753035	0.309340301513672	1.27609204101563	-1.25036945294021	0.310611724853516	0.0336454124450684	-1.10661945294021	0.256354125976562	1.08949145507812	-1.22319483135818	0.149667098999023	0.515198120117187	-0.965423316465605	0.416228546142578	0.359546539306641	-1.232211554991	0.141520935058594	0.355662139892578	-0.933812110410918	0.441949859619141	0.672854675292969	-1.14371167706131	0.163503204345703	0.136619400024414	-0.633703559385527	0.157839080810547	0.11230403137207	-0.687480353819121	0.190242752075195	0.0821367492675781	-0.83976276348709	0.247140274047852	0.0311543674468994	-0.87070822857498	0.126115501403809	0.672095092773437	-0.993777503477324	0.326767578125	0.0402969703674317	-1.38444824932693	0.534734069824219	0.958401611328125	-0.960987830625762	0.484116607666016	0.930246704101563	-0.951102942930449	0.00598597621917725	0.940880920410156	-1.079135383116	0.514458190917969	0.861061828613281	-0.893675483213652	0.0115520753860474	0.810923828125	-1.0080148386824	0.214715484619141	1.73465710449219	-0.998740241514433	0.0573326835632324	0.904071228027344	-1.04072363995193	0.168614013671875	1.05369128417969	-1.0425802683699	0.339076293945313	0.03596630859375	-1.16247144268631	0.290059600830078	1.28851428222656	-1.01302057598709	0.281054321289062	1.42064184570313	-1.0345172190535	0.428233093261719	1.050056640625	-1.05187335919021	0.341616882324219	1.72763073730469	-0.988491218076933
43	0.42	0.559760375976562	1.183462890625	-1.05176958024611	0.475044158935547	1.51801477050781	-1.09902366960158	0.0965153427124023	1.51004309082031	-1.13623942887892	0.522464660644531	1.37495153808594	-1.08436778581252	0.359549743652344	1.65146337890625	-1.1220809816133	0.0205447654724121	1.249455078125	-1.15610136735549	0.210488998413086	1.65857202148438	-1.13054558122267	0.285134033203125	1.55408679199219	-1.18071159684767	0.0117573022842407	0.884156311035156	-1.10338670671096	0.546230590820313	0.912208557128906	-0.98834187638869	0.00103933000564575	1.15500354003906	-1.14915996110549	0.149860244750977	1.45142797851562	-1.2285800050508	0.357289764404297	0.0701996459960938	-1.32599217546096	0.4173203125	0.515064270019531	-1.19606114518752	0.324014953613281	1.09057531738281	-1.22236723649611	0.308853302001953	1.27359741210937	-1.24883317887892	0.310425994873047	0.0336754837036133	-1.1187216066133	0.256067962646484	1.08688598632813	-1.22153386247267	0.149849624633789	0.512013061523438	-0.964637011886737	0.416305023193359	0.358733062744141	-1.2378544191133	0.141422149658203	0.354586120605469	-0.925644885421893	0.442214294433594	0.670977233886719	-1.14490343034377	0.164974304199219	0.148040878295898	-0.616830661178729	0.158827407836914	0.12177001953125	-0.669467730880877	0.190264190673828	0.085337890625	-0.820856128097674	0.246955993652344	0.0323411979675293	-0.849321795822284	0.122283615112305	0.667049987792969	-0.997409137130877	0.326823028564453	0.0418908386230469	-1.39615880143752	0.534148742675781	0.957310424804688	-0.956604480148455	0.483480346679688	0.929436828613281	-0.946479968429705	0.00568672704696655	0.937769958496094	-1.07915373551955	0.513692932128906	0.860914306640625	-0.888298205734393	0.0113191947937012	0.807422912597656	-1.00872896134963	0.21395686340332	1.73223571777344	-0.997518542648455	0.0569722175598145	0.900799255371094	-1.04089909684767	0.168271759033203	1.05079211425781	-1.04070482194533	0.338930694580078	0.0360990180969239	-1.17415672624221	0.289691711425781	1.286021484375	-1.01154115617385	0.280619049072266	1.41812646484375	-1.03310515153517	0.427934326171875	1.04740869140625	-1.04997679460158	0.340839935302734	1.72528063964844	-0.987257129074237
44	0.43	0.559584716796875	1.18140478515625	-1.04936746145826	0.474367858886719	1.51560437011719	-1.0976125176106	0.0958454895019531	1.50737341308594	-1.13476382376295	0.521958435058594	1.37265747070312	-1.0827066948567	0.358762542724609	1.64902038574219	-1.12072317434888	0.020238582611084	1.24673132324219	-1.15473446585279	0.209661392211914	1.65601867675781	-1.12922250296216	0.284497985839844	1.5514931640625	-1.17902957083326	0.011404149055481	0.881199462890625	-1.10342105032545	0.545559387207031	0.910724792480469	-0.983791014925055	0.00075767457485199	1.15226342773438	-1.14801699759107	0.149266891479492	1.44880419921875	-1.22711526419263	0.357244262695313	0.0712953262329102	-1.33728915335279	0.417319183349609	0.5135361328125	-1.19891171194654	0.323769683837891	1.08782580566406	-1.22061617971998	0.30838525390625	1.271068359375	-1.24724313284498	0.310390045166016	0.0335808753967285	-1.13065347220045	0.255901916503906	1.08436218261719	-1.21989132620435	0.149910217285156	0.5095068359375	-0.962858733430915	0.416246948242187	0.358091827392578	-1.2432511894856	0.141065338134766	0.354376831054687	-0.917402709260993	0.442438110351562	0.669093322753906	-1.14578762747388	0.167050674438477	0.157444686889648	-0.603035842195563	0.160494277954102	0.129615524291992	-0.654556105867438	0.190683776855469	0.0878013229370117	-0.805338561311774	0.247196578979492	0.0332589263916016	-0.831393096223884	0.12055623626709	0.662486083984375	-0.999379149690681	0.326953674316406	0.0437073554992676	-1.40783627249342	0.5335615234375	0.956120483398437	-0.952456511751227	0.482853485107422	0.928538757324219	-0.942041075960212	0.00539245748519897	0.934703796386719	-1.07896304251295	0.512968933105469	0.860622497558594	-0.883204589143805	0.0111298961639404	0.803925415039063	-1.00928683401685	0.213155349731445	1.72981884765625	-0.996290740266852	0.0565665168762207	0.897506225585938	-1.04094528128248	0.167924011230469	1.04803100585937	-1.03886373831373	0.33876904296875	0.0357266731262207	-1.1862389214192	0.289237579345703	1.28353857421875	-1.01001776053052	0.280077911376953	1.41567126464844	-1.03162515188795	0.427639007568359	1.04464233398438	-1.0479543144856	0.340044067382813	1.72296105957031	-0.98597680594068
45	0.44	0.55930322265625	1.17934533691406	-1.04698792567822	0.473647796630859	1.51322387695312	-1.09621723476025	0.0951247940063477	1.50475354003906	-1.13327173915478	0.5215361328125	1.37045593261719	-1.08124335780712	0.357917358398438	1.64661511230469	-1.11938087001416	0.0198911800384521	1.24402282714844	-1.15321558681103	0.208797393798828	1.65350512695313	-1.12788910976025	0.28368798828125	1.54885388183594	-1.17731391444775	0.0109976825714111	0.878319274902344	-1.10324085536572	0.544845642089844	0.909210266113281	-0.979550669818843	0.000479689389467239	1.14953625488281	-1.14670868983837	0.148620071411133	1.4462333984375	-1.22562964931103	0.357397308349609	0.0729245071411133	-1.34846399989697	0.41736279296875	0.512190612792969	-1.20100489345166	0.323532653808594	1.08518115234375	-1.21881128993603	0.307988525390625	1.26862976074219	-1.24561060634228	0.310343414306641	0.0333875999450684	-1.14263257899853	0.255759918212891	1.08195654296875	-1.21826154628369	0.150015029907227	0.507577178955078	-0.959968241840327	0.416258148193359	0.357412414550781	-1.24836457362744	0.141103454589844	0.354819641113281	-0.909711497455562	0.442527618408203	0.667097229003906	-1.14634437099072	0.169524429321289	0.164621932983398	-0.592343188434566	0.162580581665039	0.135382568359375	-0.642894702106441	0.191410491943359	0.089479965209961	-0.792899333148921	0.247704345703125	0.0340499420166016	-0.818065135150874	0.12081078338623	0.65950439453125	-0.998186167865718	0.327023254394531	0.046148853302002	-1.41942884364697	0.532961120605469	0.954870422363281	-0.948542338520015	0.482235931396484	0.927551147460937	-0.937812785297359	0.00509434700012207	0.931734924316406	-1.07854798427197	0.512354309082031	0.860170959472656	-0.878415049701656	0.0109857120513916	0.800491088867188	-1.00964255824658	0.212317047119141	1.72742834472656	-0.995030314594234	0.0562560348510742	0.894349975585938	-1.04082764735791	0.167516510009766	1.04549499511719	-1.03710935512158	0.338609649658203	0.03543461227417	-1.19836188808056	0.28869091796875	1.28108264160156	-1.00844587245556	0.279467529296875	1.41322021484375	-1.03012842860791	0.427544860839844	1.04199047851563	-1.04581476893994	0.339215484619141	1.72067211914063	-0.984710307270015
46	0.45	0.558883911132813	1.17739025878906	-1.04462898926341	0.472892456054687	1.5109365234375	-1.09480370239818	0.0943368148803711	1.50220910644531	-1.13176372437083	0.521122314453125	1.36837817382813	-1.07980876831615	0.357061889648437	1.64433923339844	-1.11807689575755	0.0195075855255127	1.24134912109375	-1.15158385376537	0.207893951416016	1.65109045410156	-1.12653642944896	0.282923675537109	1.54644702148438	-1.17569560913646	0.0105882005691528	0.875532287597656	-1.10283116821849	0.544093322753906	0.907683898925781	-0.975632376714584	0.000206757724285126	1.14685266113281	-1.14526860718333	0.147945999145508	1.44373864746094	-1.22413872437083	0.357311126708984	0.0745236511230469	-1.35978124146068	0.417408630371094	0.510822448730469	-1.20255681519115	0.323317352294922	1.08264086914063	-1.21683440308177	0.307676605224609	1.26632104492187	-1.24394866089427	0.310266326904297	0.0332706489562989	-1.15459233765208	0.255598403930664	1.07967211914063	-1.21667021851146	0.150250930786133	0.506146759033203	-0.956383505864975	0.416249694824219	0.356785095214844	-1.25306243042552	0.142088653564453	0.355175537109375	-0.903513693853256	0.442456451416016	0.665112548828125	-1.14655443482005	0.172112716674805	0.168706344604492	-0.584942767186996	0.164910293579102	0.138506958007813	-0.634802863164779	0.192720916748047	0.0899303131103516	-0.784436331792709	0.248600296020508	0.0345269508361817	-0.809622733159897	0.12208812713623	0.658423767089844	-0.994586447759506	0.327035003662109	0.0489431686401368	-1.43097106079662	0.532357238769531	0.953579650878906	-0.944861838384506	0.481638458251953	0.926452697753906	-0.933840476079818	0.00478662443161011	0.928851623535156	-1.07792540649974	0.511888122558594	0.859537841796875	-0.873961142583725	0.0108692789077759	0.797171081542969	-1.00975850586497	0.211390884399414	1.72513513183594	-0.99373351196849	0.0560840721130371	0.891232238769531	-1.04058559326732	0.167081115722656	1.04327087402344	-1.03548009399974	0.338515045166016	0.0353077621459961	-1.21036595825755	0.288038970947266	1.27869274902344	-1.00682128052318	0.278796813964844	1.41083703613281	-1.02856890015208	0.427354278564453	1.039564453125	-1.04360372070872	0.338322265625	1.71851062011719	-0.983399619146225
47	0.46	0.558253173828125	1.17557983398438	-1.04228531163767	0.4720927734375	1.50879602050781	-1.09334756749704	0.0934663543701172	1.49976831054688	-1.13025021642282	0.520532470703125	1.36635559082031	-1.07831991857126	0.356124847412109	1.64221325683594	-1.11680679601267	0.0191093635559082	1.23873742675781	-1.14988028234079	0.206920913696289	1.64883825683594	-1.12514163487986	0.282177185058594	1.54420715332031	-1.17399655431345	0.0102058763504028	0.872832153320312	-1.10223947423532	0.54332080078125	0.906165344238281	-0.972045779166965	-7.14562013745308e-05	1.14425402832031	-1.14373135655954	0.147253067016602	1.44136352539062	-1.22264145177439	0.357353149414062	0.0767451553344727	-1.37057974523142	0.417404388427734	0.509503387451172	-1.20374350255564	0.323080535888672	1.08025634765625	-1.21475406163767	0.307454223632812	1.26416381835938	-1.24224472325876	0.310259094238281	0.0331589508056641	-1.16651498693064	0.255536697387695	1.07756066894531	-1.21501828282907	0.150621047973633	0.505453948974609	-0.952346713004856	0.416302337646484	0.356446380615234	-1.2572695035322	0.143299377441406	0.354397674560547	-0.899368868766575	0.442384399414062	0.663435668945312	-1.14642795079782	0.174708892822266	0.168953262329102	-0.580826851783542	0.167349227905273	0.138377395629883	-0.630378230033665	0.194238143920898	0.0889576416015625	-0.7800458707197	0.250088653564453	0.0335833511352539	-0.805090838371067	0.123390441894531	0.658740783691406	-0.989500521598606	0.327286437988281	0.052502368927002	-1.44235342687204	0.531766906738281	0.952239379882812	-0.941440035758762	0.481063415527344	0.925244812011719	-0.930163149772434	0.00447322130203247	0.926052429199219	-1.07713833898142	0.51154541015625	0.858743041992188	-0.869889315543918	0.0107377910614014	0.7940078125	-1.00963653844431	0.21041357421875	1.72299536132813	-0.992417269645481	0.0559619979858398	0.888048706054688	-1.04031183141306	0.166657897949219	1.04141259765625	-1.03395035070017	0.3384453125	0.0352584342956543	-1.22229996007517	0.287275634765625	1.27646459960938	-1.00513308995798	0.278054565429687	1.40860485839844	-1.02693994420603	0.427137237548828	1.03727124023438	-1.04123959630564	0.337352661132812	1.71654907226563	-0.982041384635715
48	0.47	0.557454040527344	1.17387915039062	-1.0399592426545	0.471229309082031	1.50685290527344	-1.09181263620919	0.0925137176513672	1.49747216796875	-1.12876618845528	0.519850708007813	1.3644775390625	-1.07685932810372	0.355157531738281	1.64030004882812	-1.11534754831857	0.0187098960876465	1.23624584960938	-1.14814570505685	0.20585969543457	1.64682531738281	-1.12368995554513	0.281477600097656	1.54214709472656	-1.1722848652131	0.00985680389404297	0.8702451171875	-1.10153364450997	0.542562927246094	0.904693908691406	-0.968805830789269	-0.000357691198587418	1.14179248046875	-1.14212519724435	0.14654248046875	1.43917395019531	-1.22115058786935	0.357797668457031	0.0793979721069337	-1.3812506855256	0.417578338623047	0.508370880126953	-1.20442372019357	0.322873504638672	1.07812658691406	-1.21257734568185	0.307286437988281	1.26224914550781	-1.24052223093575	0.310154907226563	0.0330871467590332	-1.17855567820138	0.255577545166016	1.07569311523437	-1.21320258982247	0.151167816162109	0.505656768798828	-0.947381636453331	0.416536071777344	0.356208221435547	-1.26103382761544	0.143957000732422	0.352768341064453	-0.896601607156456	0.442310699462891	0.661990234375	-1.14605567820138	0.177521377563477	0.165374893188477	-0.579659811807335	0.169931427001953	0.135237869262695	-0.629417624307335	0.196042694091797	0.0870380401611328	-0.779404707742394	0.252005981445312	0.0310609359741211	-0.804607619119347	0.124423583984375	0.659498352050781	-0.983420149636925	0.327964996337891	0.0571312484741212	-1.45373847849435	0.531186096191406	0.950860534667969	-0.938310438943565	0.480504364013672	0.923984313964844	-0.926794691873253	0.00417354822158814	0.923372680664063	-1.07622926218575	0.511275543212891	0.85786669921875	-0.866237990213097	0.0105423069000244	0.791040832519531	-1.00930796701974	0.20940754699707	1.7210927734375	-0.991044478250206	0.055801139831543	0.884884826660156	-1.03992014963692	0.166228424072266	1.03994360351563	-1.03240696604317	0.338399841308594	0.0352741622924805	-1.23417097361153	0.286402435302734	1.27449780273437	-1.00337354929513	0.277196990966797	1.40663073730469	-1.02525962717599	0.426994476318359	1.03499401855469	-1.03889787180489	0.336323181152344	1.71473498535156	-0.980765028787315
49	0.48	0.556560791015625	1.17224658203125	-1.03773098250923	0.470282287597656	1.50513842773438	-1.09016472884712	0.0915010452270508	1.49537731933594	-1.12735119124946	0.519041259765625	1.36274182128906	-1.07527132674751	0.354185211181641	1.6386669921875	-1.11373742171821	0.0183049049377441	1.23395458984375	-1.14641106673774	0.204720062255859	1.64510302734375	-1.12217669173774	0.280589874267578	1.54039782714844	-1.17047539779243	0.00952974796295166	0.867842712402344	-1.1007206980854	0.541852905273438	0.903306762695313	-0.9659247996479	-0.000642557561397552	1.1395244140625	-1.14047100326118	0.145829528808594	1.43720581054688	-1.21968114730415	0.358616424560547	0.0823692321777344	-1.39180327865181	0.417944671630859	0.507281921386719	-1.20436870833931	0.322729309082031	1.07632165527344	-1.21031609603462	0.307116302490234	1.26054235839844	-1.23864196273384	0.310101013183594	0.0330123977661133	-1.19053881331977	0.255657608032227	1.07401904296875	-1.2111347605854	0.151831604003906	0.506202117919922	-0.9412529246479	0.416926147460938	0.356131988525391	-1.26412151595649	0.144332824707031	0.351326812744141	-0.894117212977978	0.442124145507812	0.660504638671875	-1.14519719955024	0.180405334472656	0.159065612792969	-0.581241832938763	0.17270719909668	0.129665756225586	-0.63149001952705	0.197906372070313	0.0836487808227539	-0.782139612880322	0.253986297607422	0.0276863403320313	-0.808404719081494	0.125200836181641	0.6603876953125	-0.977099848476025	0.328787963867188	0.0625346412658692	-1.46488402816352	0.530596008300781	0.949502014160156	-0.935497462001416	0.479959564208984	0.922740478515625	-0.923743921962353	0.00389258074760437	0.920872253417969	-1.07522158309517	0.511031188964844	0.856994873046875	-0.863011652675244	0.0102651376724243	0.788302124023437	-1.00881005355415	0.208326873779297	1.71946228027344	-0.989625941005322	0.0555949440002441	0.881931274414062	-1.03928725692329	0.165701278686523	1.03889990234375	-1.03066146346626	0.338455780029297	0.035160083770752	-1.24610698958931	0.285422729492187	1.27285205078125	-1.00153426620063	0.276211639404297	1.40496203613281	-1.02352648421821	0.426675109863281	1.03287048339844	-1.03650805160102	0.335272033691406	1.7131650390625	-0.979452570643994
50	0.49	0.555570922851563	1.17072485351562	-1.03568784199286	0.469236724853516	1.50364978027344	-1.08841034565497	0.0904550704956055	1.49352319335938	-1.12601700459052	0.518017150878906	1.36122863769531	-1.07356238422919	0.353025482177734	1.63724182128906	-1.11232993183661	0.0178893661499023	1.23189038085938	-1.14468497334052	0.203513870239258	1.64364868164063	-1.1206321168952	0.279629486083984	1.53883740234375	-1.16872720966864	0.00922794628143311	0.865686706542969	-1.09976749287177	0.541185668945313	0.902017822265625	-0.963406714063172	-0.00092046844959259	1.13748217773438	-1.13878201923895	0.145096984863281	1.43542578125	-1.21822611103583	0.359513275146484	0.0858877563476563	-1.40189407978583	0.418354400634766	0.506024963378906	-1.2036198488288	0.32264990234375	1.07479064941406	-1.20783493671942	0.306843231201172	1.25891528320312	-1.23651761494208	0.309932434082031	0.0329327964782715	-1.2025559450202	0.255714462280273	1.07237536621094	-1.20874478779364	0.152329986572266	0.506584625244141	-0.934637549024109	0.417469543457031	0.356219451904297	-1.26654575214911	0.145090194702148	0.349936309814453	-0.891663000684266	0.441946319580078	0.65906005859375	-1.1435784059577	0.183588302612305	0.150827896118164	-0.58547853205729	0.175787384033203	0.122191680908203	-0.63624146900702	0.199710754394531	0.0791847763061524	-0.787811407666688	0.255810012817383	0.0241564025878906	-0.815920492749695	0.12566438293457	0.661230346679687	-0.970819769483094	0.329876892089844	0.0680478897094727	-1.47535843525458	0.529986572265625	0.9482216796875	-0.933020575147156	0.479428131103516	0.921540832519531	-0.921022833447937	0.0036277289390564	0.9186064453125	-1.07411646137763	0.510806915283203	0.8561318359375	-0.860203192334656	0.0099083309173584	0.785824768066406	-1.00815744648505	0.207170791625977	1.71807861328125	-0.988205389600281	0.0553310890197754	0.879407897949219	-1.03837512836981	0.165028869628906	1.03825817871094	-1.02848602924872	0.338588104248047	0.034886459350586	-1.25815927753973	0.284368438720703	1.27150378417969	-0.999596808057313	0.275124786376953	1.40357885742188	-1.02175876484442	0.426203369140625	1.03094519042969	-1.03395267353583	0.334353576660156	1.71205993652344	-0.977747107129578
51	0.5	0.554499938964844	1.16949963378906	-1.03375676202337	0.468091552734375	1.50237036132812	-1.0865964226679	0.0893730316162109	1.49190368652344	-1.12474104547063	0.516963256835937	1.36005639648438	-1.0717509942011	0.351778259277344	1.63601281738281	-1.11101295709173	0.0174332656860352	1.23003576660156	-1.14296278619329	0.202257629394531	1.64239697265625	-1.11911970758001	0.278721954345703	1.537404296875	-1.16713392877141	0.00898020362854004	0.863778869628906	-1.09865877008001	0.540523498535156	0.900825500488281	-0.961261614318288	-0.00120449256896973	1.13565075683594	-1.13707161187688	0.144291290283203	1.43374584960938	-1.21676594781438	0.360458740234375	0.0904167251586915	-1.41156825494329	0.418871734619141	0.504793395996094	-1.20185786675969	0.322477294921875	1.07341552734375	-1.20498530816594	0.306354766845703	1.25733251953125	-1.23422841119329	0.3099423828125	0.0328033447265625	-1.21458973931829	0.255625076293945	1.0707216796875	-1.20594398736516	0.152567077636719	0.506521118164063	-0.928220629210866	0.418311431884766	0.356445129394531	-1.26826722955266	0.146190170288086	0.348328948974609	-0.889772936339772	0.442103515625	0.657741882324219	-1.14145680474798	0.187465072631836	0.141203201293945	-0.592017980571187	0.179424743652344	0.113638931274414	-0.643547174926198	0.20148616027832	0.0744312438964844	-0.795973513121999	0.257152465820312	0.020637228012085	-0.826812181945241	0.125784820556641	0.661451354980469	-0.964414659972584	0.331049682617187	0.0745725860595704	-1.48552992486516	0.529367614746094	0.947032958984375	-0.930868456359303	0.478904205322266	0.920378173828125	-0.91863267755071	0.00336316514015198	0.916604064941406	-1.07290129327337	0.510620880126953	0.855191162109375	-0.857828417296803	0.00947936248779297	0.783634765625	-1.00733931207219	0.205988540649414	1.71688623046875	-0.986798876281178	0.0549431457519531	0.877477172851563	-1.03707457208196	0.164286026000977	1.03784643554688	-1.02570381402532	0.338571166992188	0.0349459953308106	-1.26992622613469	0.283285797119141	1.27039709472656	-0.997519609923756	0.273961456298828	1.40245544433594	-1.01997593926946	0.425520874023438	1.02955883789063	-1.03129612969915	0.333526641845703	1.71138549804688	-0.975663835997975
52	0.51	0.553355773925781	1.168677734375	-1.03180462492497	0.466849609375	1.50129333496094	-1.08479748381168	0.0882157287597656	1.49047924804687	-1.12348406828434	0.5158046875	1.35915795898437	-1.06982263029606	0.350536926269531	1.6350400390625	-1.10966464079411	0.0168989601135254	1.22836975097656	-1.1412561630109	0.200964813232422	1.64130383300781	-1.11766824186833	0.277717041015625	1.53605285644531	-1.1655466293195	0.00879188823699951	0.862096496582031	-1.09739077604801	0.539848327636719	0.89972509765625	-0.959487974534341	-0.0015203845500946	1.13398303222656	-1.1353557723859	0.143382598876953	1.43207080078125	-1.21529968107731	0.361376251220703	0.0953820037841797	-1.42062451017887	0.419573211669922	0.503707672119141	-1.19903417814762	0.322040405273438	1.07215161132813	-1.20179473722965	0.305602020263672	1.2557685546875	-1.23190399015934	0.309821960449219	0.0327153511047364	-1.22665020597965	0.255232650756836	1.06913940429687	-1.20281457365543	0.152575820922852	0.506117095947266	-0.922044248948404	0.419382446289063	0.356748962402344	-1.26916149748356	0.146994964599609	0.346591186523438	-0.888959440598794	0.442576446533203	0.6564765625	-1.1390227645734	0.192369369506836	0.131026718139648	-0.600217591653176	0.183783737182617	0.104616729736328	-0.652998861680337	0.203397842407227	0.0693559951782227	-0.806075575242349	0.25831201171875	0.017303430557251	-0.840331236253091	0.12646501159668	0.661227722167969	-0.958124235520669	0.332102569580078	0.0825142898559571	-1.49504669035465	0.5287587890625	0.94592626953125	-0.928992979417153	0.47838427734375	0.919243469238281	-0.916565641770669	0.00307883071899414	0.914846435546875	-1.07155978239567	0.510469757080078	0.854120666503906	-0.855893278489419	0.00899672985076904	0.781723327636719	-1.00632723845036	0.204758193969727	1.71583471679688	-0.985363340745278	0.0544834518432617	0.875920288085937	-1.03551876677067	0.163583480834961	1.03741052246094	-1.02226275480778	0.338444122314453	0.0353192825317383	-1.28144061125309	0.282206512451172	1.26953564453125	-0.995247557053872	0.272737487792969	1.40155639648438	-1.01814080656559	0.424940338134766	1.02828405761719	-1.02820525969059	0.332329498291016	1.71055346679688	-0.97403567350895
53	0.52	0.552141784667969	1.16803063964844	-1.02987616946719	0.465506896972656	1.50044116210937	-1.08311338260196	0.0869477996826172	1.48923010253906	-1.12219147708438	0.514425903320312	1.35842980957031	-1.0677439062836	0.349229644775391	1.63428771972656	-1.10835352542422	0.0162843036651611	1.22688537597656	-1.13958713748477	0.199629196166992	1.64039013671875	-1.11624491336368	0.276549011230469	1.53484265136719	-1.16407059695743	0.00863562488555908	0.860624145507813	-1.09596274783633	0.539184875488281	0.898721923828125	-0.958044107699613	-0.0018858380317688	1.13244543457031	-1.13364203860782	0.142383361816406	1.43041235351563	-1.2137910559418	0.362681610107422	0.100831314086914	-1.42907706668399	0.420472442626953	0.5026630859375	-1.19519626834414	0.321361877441406	1.07099035644531	-1.19849479129336	0.304536773681641	1.25418139648438	-1.22955198123477	0.309649536132812	0.0326710815429688	-1.23868961551211	0.254548583984375	1.06762707519531	-1.19939689090274	0.152519058227539	0.505113922119141	-0.916708627963285	0.420630798339844	0.357139343261719	-1.26895206668399	0.147457672119141	0.344510864257813	-0.889474710726957	0.442966857910156	0.655135559082031	-1.13573020389102	0.197541748046875	0.12027318572998	-0.60750298526309	0.188090240478516	0.0956529693603516	-0.662260664248685	0.206071380615234	0.0649271316528321	-0.817261041903715	0.259553955078125	0.0159116115570068	-0.853835016513089	0.128425994873047	0.660674682617188	-0.951947824740629	0.332996032714844	0.0914952468872071	-1.50373203494571	0.528175964355469	0.944904663085938	-0.92734818484805	0.477865936279297	0.918134094238281	-0.914812998080472	0.00275759029388428	0.913315673828125	-1.07008347537539	0.510299224853516	0.852963989257812	-0.854366342807035	0.0084947919845581	0.78006298828125	-1.00510370852969	0.20344987487793	1.71493957519531	-0.983880960726957	0.0540927734375	0.874317565917969	-1.03393815066836	0.162966445922852	1.0368095703125	-1.01830665042422	0.338267517089844	0.0349765586853028	-1.29334855105899	0.281139770507813	1.26901623535156	-0.99274369266055	0.271464630126953	1.40087414550781	-1.01622059085391	0.424591369628906	1.02720581054688	-1.0251045325043	0.330676330566406	1.70934558105469	-0.97319080569766
54	0.53	0.550887145996094	1.16745422363281	-1.02801817909731	0.464074676513672	1.49988391113281	-1.08163487831606	0.0855456085205078	1.48820202636719	-1.12081285683168	0.512801696777344	1.35787780761719	-1.06563283363832	0.347810760498047	1.63382214355469	-1.10699077431215	0.0156202669143677	1.22560339355469	-1.13795076576723	0.198203491210937	1.63980932617188	-1.11476128212465	0.275298187255859	1.53390307617188	-1.16289558998598	0.00850534915924072	0.859345825195313	-1.09438167397035	0.538572814941406	0.897871398925781	-0.956877584614885	-0.002293053150177	1.13107397460937	-1.13190913979067	0.141314666748047	1.42897802734375	-1.21218410316957	0.363632598876953	0.107055229187012	-1.43669258705629	0.421268249511719	0.501499603271484	-1.19025630775942	0.320361846923828	1.06996887207031	-1.19511672035707	0.303122253417969	1.25291442871094	-1.22718501869692	0.309442199707031	0.0325203247070313	-1.2508005582477	0.253728927612305	1.06654284667969	-1.19570009438051	0.152434906005859	0.503597045898437	-0.913664205708635	0.422013519287109	0.358030609130859	-1.2677747403766	0.149139358520508	0.342296966552734	-0.891324789204729	0.443366058349609	0.653760925292969	-1.1313760282184	0.200938980102539	0.109554893493652	-0.611360777058733	0.190780609130859	0.0878076858520508	-0.66792888847841	0.208283004760742	0.0638967247009277	-0.825698217549455	0.260158752441406	0.0177387046813965	-0.864230734028947	0.130543960571289	0.660332702636719	-0.946259756245744	0.333760467529297	0.10163565826416	-1.51133058754457	0.527619506835938	0.943982238769531	-0.925937948384416	0.477350952148438	0.917066528320313	-0.913377615132463	0.00240602660179138	0.911999572753906	-1.06847170082582	0.510073303222656	0.851792846679687	-0.853219518818986	0.00800920104980469	0.778659057617188	-1.00368550697817	0.202097274780273	1.71436840820312	-0.982375448384416	0.0537219429016113	0.8728369140625	-1.03224263588442	0.162407516479492	1.03627844238281	-1.01410344521059	0.337915466308594	0.0345817413330079	-1.30505910316957	0.280074188232422	1.26898071289062	-0.990051229634416	0.270156127929688	1.40052502441406	-1.01424593178285	0.423784545898438	1.02660803222656	-1.02173583046449	0.329114593505859	1.70847912597656	-0.972309133687151
55	0.54	0.549616638183594	1.16713232421875	-1.02623773389344	0.462620758056641	1.49974243164062	-1.08038113599305	0.0840071716308594	1.48752624511719	-1.11932962232117	0.511010864257813	1.35756481933594	-1.06367215161805	0.346276306152344	1.63387756347656	-1.10551971631531	0.0149591798782349	1.22461010742187	-1.13629702954774	0.19665087890625	1.63984460449219	-1.1131526814032	0.273705230712891	1.53371411132812	-1.16162524610047	0.00841223812103272	0.858311401367188	-1.09267086987977	0.538057373046875	0.897284606933594	-0.955981630377813	-0.00270311427116394	1.12999719238281	-1.13009262280945	0.140171447753906	1.42808483886719	-1.21044818311219	0.364826507568359	0.114507080078125	-1.44317102246766	0.421817108154297	0.500338562011719	-1.18386053662781	0.319075958251953	1.06930541992188	-1.19154706006531	0.301684417724609	1.25259582519531	-1.22478973584656	0.309161956787109	0.0324320640563965	-1.26290930371766	0.252811752319336	1.06663464355469	-1.19207629590516	0.151996826171875	0.502937316894531	-0.913387483649298	0.423113616943359	0.359255187988281	-1.26558484082703	0.152352233886719	0.340635986328125	-0.894066591315313	0.443677917480469	0.652398132324219	-1.12584509473328	0.203364303588867	0.101731369018555	-0.614044740729376	0.19237858581543	0.0825805130004883	-0.670633241705938	0.207610473632813	0.0660962829589844	-0.829011674933477	0.259477722167969	0.020652702331543	-0.871864030890509	0.130842834472656	0.661139892578125	-0.942876802496954	0.334480316162109	0.11337427520752	-1.51746765332703	0.5270751953125	0.943218139648437	-0.924810854010626	0.476854644775391	0.916116882324219	-0.912278871588751	0.00207028222084045	0.910930114746094	-1.06671750073914	0.5098232421875	0.850655151367188	-0.852495454840704	0.00755262899398804	0.777589538574219	-1.00211261182313	0.200759506225586	1.71446459960938	-0.980854677252813	0.0532546463012695	0.87188330078125	-1.030265687995	0.161933151245117	1.03632434082031	-1.00995154004578	0.337681427001953	0.0345960731506348	-1.31645691113953	0.278996765136719	1.26956164550781	-0.987303224616094	0.2688251953125	1.40071630859375	-1.01229245191102	0.423435852050781	1.02597814941406	-1.0183682270575	0.327770874023438	1.70854858398438	-0.971018373541876
56	0.55	0.548268798828125	1.16732067871094	-1.02456059069152	0.461212829589844	1.50016101074219	-1.07930970568176	0.0823884887695313	1.4873681640625	-1.11776225084777	0.509161041259766	1.35781640625	-1.06187266344543	0.3446455078125	1.63461206054688	-1.10416401476379	0.0143421325683594	1.22407385253906	-1.13451963610168	0.194984283447266	1.64066149902344	-1.1114753856134	0.271919677734375	1.53436071777344	-1.15994813341613	0.00836219882965088	0.857682189941406	-1.09085987658019	0.537647521972656	0.897059631347656	-0.95545142931457	-0.00306394600868225	1.12939807128906	-1.12809977526184	0.138938537597656	1.42793298339844	-1.20861173815246	0.366049133300781	0.122891227722168	-1.44782224840637	0.422326904296875	0.499447998046875	-1.1759167918634	0.318016510009766	1.06956103515625	-1.18803349108215	0.300568084716797	1.25307556152344	-1.22228031725402	0.309005432128906	0.0324066543579102	-1.27500657457824	0.251875518798828	1.06781665039063	-1.18884391588684	0.150912231445313	0.503828369140625	-0.914441511101679	0.423994140625	0.361020324707031	-1.26182584948059	0.153790222167969	0.340548004150391	-0.896360898919062	0.443401000976562	0.65127197265625	-1.11890882677551	0.207779159545898	0.0957404022216797	-0.618627710289911	0.194959991455078	0.0782965774536133	-0.674693299241022	0.206385864257812	0.0668127670288086	-0.832482694573359	0.257931182861328	0.022681474685669	-0.880156309075312	0.129779235839844	0.662472595214844	-0.942298841423945	0.335135955810547	0.126927696228027	-1.52153416246887	0.526527954101563	0.942739074707031	-0.92402564806457	0.476391754150391	0.915409851074219	-0.911556196160273	0.0018002952337265	0.910265319824219	-1.06481992907043	0.509626800537109	0.84965966796875	-0.852274290032343	0.00712545204162598	0.776990478515625	-1.00041947741027	0.199430526733398	1.71537780761719	-0.979279371209101	0.0527541236877441	0.871439208984375	-1.02808079332824	0.16161457824707	1.03732177734375	-1.00605314440246	0.337576782226563	0.0346250076293946	-1.32771043200012	0.277891418457031	1.27080700683594	-0.984639844841913	0.267475158691406	1.40160607910156	-1.01039008898254	0.422757598876953	1.02601953125	-1.01500526232238	0.32647412109375	1.70950402832031	-0.969568464226679
57	0.56	0.546704406738281	1.16817016601562	-1.02300206931578	0.459878784179688	1.50123999023437	-1.07833419211851	0.0808021240234375	1.48782043457031	-1.11613927634703	0.507358673095703	1.35879553222656	-1.06033345969664	0.34296484375	1.63603625488281	-1.10290184958922	0.0137630796432495	1.22416955566406	-1.13248790915953	0.193229782104492	1.64215783691406	-1.10981881125914	0.270246429443359	1.53546179199219	-1.15821862205015	0.00831850719451904	0.857677795410156	-1.08894338401304	0.537298522949219	0.897295227050781	-0.955386957011092	-0.00335690045356751	1.12942846679688	-1.12584539206969	0.137595764160156	1.42845629882813	-1.20672725852476	0.367252105712891	0.132455032348633	-1.45034560569273	0.423108978271484	0.499038269042969	-1.16645159324156	0.317422576904297	1.0706953125	-1.18466915305601	0.29973681640625	1.25382788085938	-1.21962191184508	0.308778472900391	0.0324708557128907	-1.28731710227476	0.250941680908203	1.06936340332031	-1.1857998903607	0.149492904663086	0.505826202392578	-0.914516519389021	0.424942962646484	0.363660522460938	-1.25603511985289	0.151351150512695	0.342730529785156	-0.896103647074568	0.443240356445313	0.650582763671875	-1.11110775168883	0.212522964477539	0.0881896514892578	-0.62620957358824	0.198386291503906	0.0729164123535156	-0.682351411661971	0.206103637695313	0.0655141143798828	-0.840745294413435	0.256594451904297	0.023861291885376	-0.89093938621031	0.128726440429688	0.663516784667969	-0.942268518290388	0.335339202880859	0.141909164428711	-1.52331282981383	0.525970581054688	0.942684936523438	-0.92362656577574	0.475967864990234	0.91506396484375	-0.911250528178084	0.00160233914852142	0.910236511230469	-1.06277474387633	0.509544006347656	0.848979797363281	-0.852579294047224	0.00673976564407349	0.776981079101563	-0.998604883036482	0.198067840576172	1.71686987304687	-0.977640619120467	0.0523504676818848	0.871498352050781	-1.02582698997008	0.161395401000977	1.03924841308594	-1.00246547873961	0.337269165039063	0.0347997055053711	-1.33935714133726	0.276754669189453	1.27257983398438	-0.982129236063826	0.266156402587891	1.40316723632813	-1.00851439841734	0.422274383544922	1.02677270507813	-1.01193020041929	0.325138061523437	1.71100036621094	-0.968167383036482
58	0.57	0.544807189941406	1.1696552734375	-1.021522832608	0.45860009765625	1.50297106933594	-1.07735071346738	0.0793567886352539	1.48882568359375	-1.11446585628964	0.505742004394531	1.36050390625	-1.05907034847714	0.341364776611328	1.63797399902344	-1.10154819271543	0.0131830835342407	1.22492529296875	-1.13010501644589	0.191445678710938	1.64404089355469	-1.10820667049863	0.268619476318359	1.5368310546875	-1.15662689754941	0.00824024295806885	0.858408874511719	-1.08687689754941	0.536962951660156	0.898090698242188	-0.955803319668551	-0.00362504506111145	1.13012976074219	-1.12329324886777	0.13614274597168	1.42939099121094	-1.20480011532285	0.368447540283203	0.143043869018555	-1.45091650936582	0.424433990478516	0.498924530029297	-1.15524393246152	0.316927551269531	1.07209814453125	-1.18140717098691	0.2988818359375	1.25480322265625	-1.21700159237363	0.308272796630859	0.0325180816650391	-1.30054346249082	0.250044448852539	1.07094750976562	-1.18268616268613	0.148368667602539	0.508191375732422	-0.912694249844332	0.426420715332031	0.367129638671875	-1.24848297665097	0.147075378417969	0.346103851318359	-0.893594960903903	0.443844146728516	0.650133361816406	-1.10259857723691	0.215892761230469	0.0804499359130859	-0.635599450802584	0.20116145324707	0.0673939056396484	-0.692796333050509	0.206150177001953	0.0648756332397461	-0.852308782315035	0.255866546630859	0.0245861606597901	-0.902835103726168	0.127708885192871	0.664811706542969	-0.941450872158786	0.335062957763672	0.15825227355957	-1.52275488827207	0.525414001464844	0.943134643554688	-0.923634618496676	0.475589019775391	0.915147033691406	-0.911367971157809	0.00143488705158234	0.910929626464844	-1.06056686947324	0.509609466552734	0.84871923828125	-0.853383046841403	0.00642601442337036	0.77755859375	-0.996635625576754	0.196677001953125	1.71858911132813	-0.976007024502535	0.0521059341430664	0.872078735351563	-1.02356274960019	0.161080368041992	1.04170458984375	-0.999154241299411	0.336575408935547	0.035455192565918	-1.35136298153379	0.275667694091797	1.27463525390625	-0.97977176449277	0.264945953369141	1.40516821289063	-1.00665778133847	0.421682525634766	1.02780078125	-1.00919208309629	0.323763549804688	1.71276892089844	-0.966821935391207
59	0.58	0.542587341308594	1.17160681152344	-1.02012498628109	0.457331268310547	1.5052119140625	-1.07629329072445	0.0780927581787109	1.49021667480469	-1.11270894013851	0.504381591796875	1.36265966796875	-1.05790657197445	0.339780731201172	1.64007702636719	-1.10029524384945	0.0125784044265747	1.22618041992188	-1.12738398896664	0.189710968017578	1.64598266601562	-1.10664601289242	0.267013488769531	1.53823291015625	-1.1551986251971	0.00812235164642334	0.859736145019531	-1.08456248628109	0.536627624511719	0.89943994140625	-0.956624620070151	-0.00394527101516724	1.13140368652344	-1.12047682343929	0.134600677490234	1.43052282714844	-1.20275886689632	0.369608734130859	0.154502212524414	-1.45076976167171	0.426143615722656	0.4987646484375	-1.14240141450374	0.316483276367187	1.07350964355469	-1.17827714692562	0.297842620849609	1.25593383789063	-1.21458543549984	0.3072080078125	0.0324544486999512	-1.31262138520687	0.249216217041016	1.07254858398437	-1.1796631942889	0.1476728515625	0.5098984375	-0.910409623732261	0.428122863769531	0.370832580566406	-1.23915519868343	0.144151580810547	0.348589569091797	-0.891976457228354	0.445057647705078	0.649802795410156	-1.09346122895687	0.217593521118164	0.0743444519042969	-0.645241742720298	0.202418441772461	0.0628407897949219	-0.703256712546042	0.206010543823242	0.0650643463134766	-0.863151277174643	0.255500198364258	0.0253513202667236	-0.914257905592612	0.126561935424805	0.666439819335938	-0.940321229567222	0.335128753662109	0.175787643432617	-1.51966240083187	0.524879821777344	0.944066223144531	-0.924029847731284	0.475261688232422	0.915651062011719	-0.911857698073081	0.00124141204357147	0.912197814941406	-1.05815229951351	0.509790832519531	0.848829528808594	-0.854627626051596	0.00620849943161011	0.778575561523438	-0.99446611176937	0.195233184814453	1.72031640625	-0.97441108857601	0.0519352912902832	0.873089416503906	-1.02123603974789	0.160501327514648	1.04424072265625	-0.996077500929526	0.335525360107422	0.0367451934814454	-1.36162822114437	0.274770843505859	1.27676708984375	-0.977549424757651	0.263872650146484	1.40732641601563	-1.00483073579281	0.420773040771484	1.02919287109375	-1.00662797700374	0.322339874267578	1.71462036132813	-0.965490708937339
60	0.59	0.540221496582031	1.17379736328125	-1.01891897345027	0.456055328369141	1.50772119140625	-1.07515676641902	0.0769826126098633	1.49180334472656	-1.11080837774714	0.503176147460938	1.36490710449219	-1.05670000982722	0.338149475097656	1.64210876464844	-1.09929833746394	0.0119403047561646	1.22771704101563	-1.12445126104792	0.188077529907227	1.64780053710938	-1.10515521002253	0.265545867919922	1.53952490234375	-1.15387505865535	0.00794012022018433	0.861351928710937	-1.0818929724737	0.536300170898438	0.901210083007812	-0.957704862122142	-0.00437874412536621	1.13304724121094	-1.11748586798152	0.133049652099609	1.43176513671875	-1.20055270147761	0.370977447509766	0.166388931274414	-1.4484676184698	0.428166625976563	0.498245544433594	-1.12854174566706	0.316204040527344	1.07507629394531	-1.17576565313777	0.296630950927734	1.25716284179687	-1.21233764410456	0.306425506591797	0.0317380828857422	-1.32114986944636	0.248462127685547	1.07415588378906	-1.17693966436824	0.14708935546875	0.510315399169922	-0.909626737122142	0.430032775878906	0.374240386962891	-1.22814169073542	0.143487411499023	0.349240966796875	-0.893482678894603	0.446197998046875	0.64944580078125	-1.08324926519831	0.217424545288086	0.0689457168579102	-0.655087163452708	0.202042907714844	0.0588654747009277	-0.713227992062175	0.205655471801758	0.0649249877929688	-0.872787808899486	0.255397811889648	0.0263462619781494	-0.925381497864329	0.125232727050781	0.668018920898438	-0.938880963806712	0.335447601318359	0.193244064331055	-1.51436202764949	0.524391845703125	0.945366943359375	-0.924739713196361	0.474973815917969	0.916492126464844	-0.912621106628978	0.000991389334201813	0.913797912597656	-1.0554800391241	0.510019561767578	0.849155334472656	-0.856210080628001	0.00611047601699829	0.779839782714844	-0.992036618713939	0.193750457763672	1.72195678710938	-0.97286163092097	0.0516921310424805	0.874484619140625	-1.01868035650691	0.159617538452148	1.04659826660156	-0.993202970032298	0.335266845703125	0.0401687545776368	-1.36922060919245	0.274167175292969	1.27887756347656	-0.975433011536204	0.262925964355469	1.40944787597656	-1.00303381109675	0.419538177490234	1.0304580078125	-1.00445263433894	0.320908081054687	1.71645678710937	-0.964156491760814
61	0.6	0.537991760253906	1.17603881835938	-1.01802726115655	0.454798370361328	1.51025830078125	-1.07396283854913	0.0759673385620117	1.49343542480469	-1.10870350017023	0.502132141113281	1.36718713378906	-1.0555728239007	0.336722198486328	1.64408471679688	-1.09819159831476	0.0112198276519775	1.22938488769531	-1.1214542325921	0.186564788818359	1.64947827148437	-1.10371988810968	0.264207336425781	1.54078649902344	-1.15256882609796	0.00767656517028809	0.863028930664062	-1.07885318889093	0.535964965820312	0.903189392089844	-0.95892691935968	-0.00494664525985718	1.13482287597656	-1.11442508830499	0.131625549316406	1.43307116699219	-1.19823133220148	0.372561614990234	0.17835546875	-1.44329236735773	0.430377227783203	0.497144622802734	-1.11401145305109	0.3160634765625	1.07697607421875	-1.17435440959405	0.295353057861328	1.25847253417969	-1.21028486003351	0.30715283203125	0.0310977363586426	-1.32851398601007	0.247710083007812	1.07579089355469	-1.17455115642023	0.146286468505859	0.509985656738281	-0.911020745653625	0.432010406494141	0.377345794677734	-1.21576578654718	0.143280456542969	0.348424224853516	-0.898297738451476	0.446830902099609	0.649117736816406	-1.07169007243585	0.216588653564453	0.0639760513305664	-0.665582810778137	0.201010467529297	0.0554136619567871	-0.723876613516326	0.205270660400391	0.0646033096313477	-0.883188134569641	0.255242935180664	0.0271720218658447	-0.936696374315734	0.12397257232666	0.669173767089844	-0.937047204393859	0.336111999511719	0.209851455688477	-1.50720008220148	0.52396435546875	0.946880065917969	-0.925650185961242	0.474700714111328	0.917536376953125	-0.91355631389093	0.000687760829925537	0.915516967773437	-1.05254599894952	0.510228424072266	0.84955322265625	-0.858001504320617	0.00615445423126221	0.781213317871094	-0.989282479662414	0.192314163208008	1.72350524902344	-0.971374612230773	0.0513578605651855	0.876191101074219	-1.01578727092218	0.158555236816406	1.04864404296875	-0.990535195726867	0.3361103515625	0.0458099746704102	-1.37455365886163	0.273850982666016	1.28093127441406	-0.97340249003839	0.262114776611328	1.41143371582031	-1.00125516642999	0.418155853271484	1.0316015625	-1.00267585124445	0.319504089355469	1.71829162597656	-0.962824502367492
62	0.61	0.536152160644531	1.17821850585938	-1.01747862747612	0.453612213134766	1.51265563964844	-1.0727300618023	0.0749962921142578	1.49501794433594	-1.10636113480034	0.501255706787109	1.36962585449219	-1.05493825272026	0.335530792236328	1.64605981445313	-1.09683318069878	0.0103839235305786	1.23106994628906	-1.11851271561089	0.185201095581055	1.65103894042969	-1.10228020218315	0.262913360595703	1.54225439453125	-1.15106038406792	0.0073618369102478	0.864704711914063	-1.0755079548687	0.535600036621094	0.905158752441406	-0.960244542393116	-0.00563622903823853	1.13653503417969	-1.11137160232964	0.13036181640625	1.43443371582031	-1.19587190750542	0.37411376953125	0.190017639160156	-1.43634074905815	0.432272552490234	0.495915008544922	-1.09896938064995	0.315787506103516	1.07895446777344	-1.17349327591362	0.294090179443359	1.25983874511719	-1.20841612747612	0.309440979003906	0.0305516014099121	-1.33314415481987	0.246908447265625	1.077375	-1.1724669392437	0.145265213012695	0.509598175048828	-0.914168858799366	0.433249816894531	0.380146820068359	-1.20207399490776	0.142940460205078	0.347191101074219	-0.905309010776905	0.447093811035156	0.648964172363281	-1.05977089432183	0.216541442871094	0.0600139350891113	-0.676693188938526	0.200578872680664	0.0528538475036621	-0.735292728218464	0.205065673828125	0.0643171615600586	-0.894531010898975	0.254874206542969	0.0276397438049317	-0.948367284092335	0.122682540893555	0.669817687988281	-0.935496648106006	0.337887512207031	0.224980361938477	-1.49785210159722	0.523593627929688	0.9484443359375	-0.926648289951709	0.474429473876953	0.918651550292969	-0.914584828647999	0.000354825526475906	0.917204528808594	-1.04936894730034	0.510350738525391	0.849943359375	-0.85989470413628	0.00634227561950684	0.782654052734375	-0.986150502476123	0.190942016601563	1.72505090332031	-0.969913808140186	0.051100040435791	0.878022277832031	-1.0126114704937	0.15754020690918	1.05031616210938	-0.988164113315967	0.337593078613281	0.0530398750305176	-1.37656981399956	0.273733917236328	1.28287756347656	-0.971484151157764	0.261472015380859	1.41328979492188	-0.999472646030811	0.417013519287109	1.03322741699219	-1.00112090042534	0.318169036865234	1.72015148925781	-0.961467229160694
63	0.62	0.53487890625	1.18022534179688	-1.01732687489921	0.452543975830078	1.51483312988281	-1.07148779408866	0.0740351409912109	1.4965146484375	-1.10378119008475	0.500434844970703	1.37202514648438	-1.05479300038749	0.334369445800781	1.64796911621094	-1.09539865224296	0.00945232772827148	1.23266833496094	-1.1156695262664	0.183995513916016	1.6525107421875	-1.10077334706718	0.261747955322266	1.54387963867187	-1.14932052724296	0.00703293323516846	0.86634619140625	-1.07193231313163	0.535255676269531	0.906951232910156	-0.961585969137489	-0.00641966867446899	1.13808081054687	-1.10834805409843	0.129109802246094	1.4358984375	-1.19348199574882	0.375204711914063	0.200998031616211	-1.42730319325858	0.433557922363281	0.495144439697266	-1.08372540395194	0.315102203369141	1.08082275390625	-1.17246600453788	0.292850769042969	1.26139440917969	-1.20667776601249	0.315762603759766	0.0313410015106202	-1.33352224843436	0.246053024291992	1.07895532226562	-1.17064981191093	0.144147918701172	0.509267517089844	-0.918735810446083	0.433486328125	0.382475769042969	-1.18722174184257	0.142331359863281	0.346474487304687	-0.91343866078788	0.447100891113281	0.649089782714844	-1.048603943991	0.217758346557617	0.0571245956420898	-0.687891446279823	0.201280639648438	0.051046142578125	-0.746724121736824	0.205081161499023	0.0642178115844727	-0.90593768422538	0.254375152587891	0.0278413257598877	-0.960271592306435	0.121705696105957	0.670202331542969	-0.935549210714638	0.339793029785156	0.238649719238281	-1.4871187450164	0.523265991210938	0.949924377441406	-0.927658082174599	0.474166473388672	0.919753845214844	-0.915652238058388	1.56945958733559e-05	0.918816101074219	-1.04594775502616	0.5103466796875	0.85028955078125	-0.861807908224403	0.00664010190963745	0.784177673339844	-0.9826191570037	0.189683197021484	1.72660412597656	-0.968462357687294	0.0510234642028809	0.879786743164062	-1.00925460927421	0.156748092651367	1.05165588378906	-0.986243226217567	0.339539672851563	0.0607344741821289	-1.37401394765311	0.273706329345703	1.28467602539063	-0.969730988668739	0.260968627929688	1.41507482910156	-0.997679474996864	0.416139953613281	1.03461169433594	-0.999933198141395	0.316920288085938	1.72203076171875	-0.9600849773162
64	0.63	0.53421728515625	1.18198742675781	-1.01758298975393	0.451614440917969	1.51678747558594	-1.0702691469805	0.0730432739257812	1.49794763183594	-1.10099393946096	0.499561340332031	1.37394140625	-1.05427869898245	0.333274810791016	1.64979541015625	-1.09379130274221	0.00845381450653076	1.23413317871094	-1.11286066919729	0.182912643432617	1.65390283203125	-1.09916850000784	0.260665008544922	1.54555590820312	-1.1475152407305	0.00672694969177246	0.867888000488281	-1.06816187769339	0.534992004394531	0.908511474609375	-0.962866055549832	-0.00726708936691284	1.13946008300781	-1.10531248194143	0.127729789733887	1.43750305175781	-1.19101380640432	0.375679748535156	0.210869888305664	-1.41698200708792	0.434250457763672	0.495002563476563	-1.06833112818167	0.314216674804688	1.08258349609375	-1.17114411646292	0.291561340332031	1.26323522949219	-1.20513255030081	0.32232763671875	0.0369348258972168	-1.32622474390432	0.245224349975586	1.0806025390625	-1.16906959253714	0.142978225708008	0.509071105957031	-0.924570248665066	0.433923034667969	0.384811492919922	-1.17172636133596	0.141635345458984	0.346184173583984	-0.922177640022488	0.446959930419922	0.64943505859375	-1.03831763941214	0.219579391479492	0.0549357948303223	-0.69926350504324	0.20268896484375	0.0495358047485352	-0.758046617092343	0.205277114868164	0.0640259323120117	-0.917294430793972	0.25396028137207	0.0279185371398926	-0.972228283943386	0.12076969909668	0.670931640625	-0.938439572395535	0.339921264648438	0.249466735839844	-1.47595295435354	0.522977172851563	0.95124755859375	-0.928646451057644	0.473921813964844	0.92082568359375	-0.916729550422878	-0.000308644711971283	0.920375	-1.04226624781057	0.510204711914062	0.850566162109375	-0.863699017585964	0.0069884614944458	0.78581298828125	-0.978705533088894	0.188585174560547	1.7281611328125	-0.967007672371121	0.0510727462768555	0.881407165527344	-1.005721005501	0.156107162475586	1.0529072265625	-0.984747159065457	0.342992431640625	0.0680988464355469	-1.36641291529104	0.273670959472656	1.28631640625	-0.968170239509792	0.260550079345703	1.41679174804688	-0.995901455940457	0.415299835205078	1.03611328125	-0.999075543464871	0.315778869628906	1.72395495605469	-0.958686856331082
65	0.64	0.534079162597656	1.18351428222656	-1.01808683104909	0.450807403564453	1.51856579589844	-1.06909246154225	0.0720012512207031	1.49938391113281	-1.09806740661061	0.498813018798828	1.37562512207031	-1.05325795836842	0.332294647216797	1.65145568847656	-1.09215514464772	0.00741915464401245	1.23549987792969	-1.10996132750905	0.181900756835938	1.65524035644531	-1.09746001525319	0.259426605224609	1.54741174316406	-1.14560002990163	0.00645739984512329	0.86934521484375	-1.06419860167897	0.534792846679688	0.909894958496094	-0.964092690424088	-0.00814988708496094	1.14076147460938	-1.10217614074147	0.126204513549805	1.43927416992187	-1.18846611876881	0.376094085693359	0.219035217285156	-1.40538677306569	0.434491821289062	0.495718017578125	-1.05295879455006	0.313317504882813	1.08425183105469	-1.16979616637624	0.290368347167969	1.26525646972656	-1.20380834288991	0.325164184570312	0.0414581031799317	-1.31380413146413	0.244516403198242	1.08238781738281	-1.16769234557546	0.142068939208984	0.508947326660156	-0.931384606317643	0.433904449462891	0.388086730957031	-1.15616777892506	0.141125305175781	0.345824737548828	-0.93082264037526	0.446625640869141	0.650154357910156	-1.02859832091725	0.220939956665039	0.0531066627502441	-0.710986756281021	0.203674545288086	0.0483879089355469	-0.769599528268937	0.205436248779297	0.0639182929992676	-0.928835076288346	0.253663757324219	0.0280880069732666	-0.984255242303971	0.119747901916504	0.671497619628906	-0.943771004633072	0.338389953613281	0.256955017089844	-1.46415435119069	0.522740173339844	0.952422912597656	-0.929626717523697	0.473701477050781	0.921886474609375	-0.917830895380143	-0.000589277267456055	0.921890502929688	-1.03834023375905	0.50991357421875	0.85078173828125	-0.865593041376236	0.00733351135253906	0.787591430664063	-0.974457100824478	0.187581695556641	1.72981115722656	-0.9654844140569	0.0511512603759766	0.883008056640625	-1.00196614928639	0.155354232788086	1.05433569335938	-0.983456856683854	0.347254760742188	0.0748465042114258	-1.35470610900319	0.2735791015625	1.28784362792969	-0.966776360468033	0.260202880859375	1.41841491699219	-0.994179253534439	0.414283508300781	1.03782922363281	-0.99821048827565	0.314765258789063	1.72591418457031	-0.957257180170182
66	0.65	0.534327697753906	1.18485534667969	-1.01874213108448	0.450095275878906	1.52024682617188	-1.06794900974659	0.0709540634155273	1.50092028808594	-1.09510062107471	0.498169372558594	1.37710620117188	-1.05231381687549	0.331329956054688	1.65299768066406	-1.09065121921924	0.00639970684051514	1.23689855957031	-1.10684863743213	0.180949462890625	1.65661108398438	-1.09564633640674	0.258127899169922	1.54940258789063	-1.14354864963916	0.00616506671905518	0.870848571777344	-1.0600546005669	0.534606262207031	0.911221008300781	-0.965355503887211	-0.00904133033752441	1.14212927246094	-1.09884189304737	0.124577705383301	1.44125866699219	-1.18590149387745	0.376186828613281	0.224608993530273	-1.39131821140674	0.434437896728516	0.497859313964844	-1.0381178024712	0.312289245605469	1.08594641113281	-1.16872510227588	0.289339294433594	1.26740124511719	-1.20256744846729	0.329198547363281	0.045629753112793	-1.30065543064502	0.24380549621582	1.08423461914063	-1.16647833713916	0.141582962036133	0.508804870605469	-0.938704777568852	0.433276123046875	0.392104522705078	-1.14057156834034	0.140929489135742	0.345384826660156	-0.939520619243657	0.446416259765625	0.651826599121094	-1.01967204746631	0.221504348754883	0.051537410736084	-0.722813664287602	0.203975982666016	0.0475662498474121	-0.781370536417042	0.205497680664063	0.0639455757141113	-0.940639256328618	0.253463714599609	0.028260103225708	-0.99632394871143	0.119573692321777	0.671431762695312	-0.949971440166508	0.337219848632813	0.261528778076172	-1.45100504002002	0.522577941894531	0.953520324707031	-0.930664631694829	0.473514099121094	0.922969421386719	-0.919006352275883	-0.000812881767749786	0.923435485839844	-1.03422624668506	0.509492614746094	0.851026611328125	-0.867525502056157	0.00765036869049072	0.78954931640625	-0.969938633770024	0.186668014526367	1.7316376953125	-0.963852681011235	0.0512043037414551	0.884760009765625	-0.998063023418462	0.154312255859375	1.055982421875	-0.982289463848149	0.350103118896484	0.0811525421142578	-1.33957748875049	0.273431732177734	1.28931689453125	-0.965500813335454	0.259905639648437	1.41998327636719	-0.992531514019047	0.413485687255859	1.03956787109375	-0.997530583232915	0.313885070800781	1.72789819335938	-0.955773625225102
67	0.66	0.534804992675781	1.18615344238281	-1.01955194161791	0.449463897705078	1.52191870117188	-1.06681529305834	0.0699851531982422	1.50264587402344	-1.09219307015795	0.497370727539063	1.37845129394531	-1.05192390511889	0.33039404296875	1.65463684082031	-1.08909578011889	0.00544828319549561	1.23847253417969	-1.10343641732592	0.180092224121094	1.65811926269531	-1.09374427865405	0.256985931396484	1.55154541015625	-1.14146852181811	0.00580925750732422	0.872533203125	-1.05575813363451	0.534418579101563	0.912581787109375	-0.966745911344476	-0.009917649269104	1.14369799804688	-1.09524729989428	0.122923233032227	1.44347668457031	-1.18340428231616	0.376746246337891	0.228184188842773	-1.37526203988452	0.434054504394531	0.501698822021484	-1.02387052987475	0.311078857421875	1.08775183105469	-1.1679889075603	0.288249359130859	1.26967126464844	-1.20140220712084	0.330806915283203	0.0481213302612305	-1.2837257850017	0.242972763061523	1.08614184570313	-1.16542701791186	0.141559127807617	0.508724395751953	-0.946102677091546	0.43270556640625	0.395098388671875	-1.12578517220873	0.141078155517578	0.345297668457031	-0.94861595223803	0.446627349853516	0.654625549316406	-1.01132843087573	0.221764038085938	0.0503782157897949	-0.734680351957269	0.204146057128906	0.0469875564575195	-0.793266938909478	0.205600341796875	0.0639555130004883	-0.952508850797601	0.253576187133789	0.0281792011260986	-1.00834005807299	0.11989818572998	0.671015197753906	-0.956107269987054	0.337561920166016	0.263690277099609	-1.4363371131267	0.5225078125	0.954625793457031	-0.931854294523187	0.473376892089844	0.924111206054688	-0.920307343229241	-0.00100381362438202	0.925151123046875	-1.02997966073412	0.509034515380859	0.851467163085938	-0.869492531522698	0.00794243860244751	0.791717834472656	-0.965213593229241	0.185914031982422	1.73362756347656	-0.96216072152514	0.0512459106445313	0.886818237304688	-0.994119324430413	0.153010116577148	1.05768334960937	-0.981296433195062	0.352069549560547	0.0858653869628907	-1.3216808631267	0.273234191894531	1.29077709960938	-0.96430654977221	0.259638793945313	1.42155810546875	-0.990948868497796	0.412331024169922	1.04176843261719	-0.997163056119866	0.313150115966797	1.72994958496094	-0.954225907072015
68	0.67	0.535285949707031	1.18757641601563	-1.02049320661912	0.448900421142578	1.52362780761719	-1.06568877851854	0.0691494750976562	1.50460693359375	-1.08941503584276	0.496818450927734	1.38011584472656	-1.05154320967088	0.329649749755859	1.65643090820312	-1.08734560835252	0.00460896635055542	1.24027258300781	-1.09971297895799	0.179350402832031	1.65980786132813	-1.09179226362596	0.256019714355469	1.55376647949219	-1.13942089521776	0.00540930366516113	0.874452392578125	-1.05132633650194	0.534263732910156	0.914004333496094	-0.968318203567365	-0.0107567596435547	1.1455400390625	-1.09138326704393	0.121376556396484	1.44587548828125	-1.18102785932908	0.377313446044922	0.229300109863281	-1.35849236738572	0.433268890380859	0.506711029052734	-1.0100031400908	0.309802215576172	1.08969506835938	-1.16739510786424	0.286995361328125	1.27205981445312	-1.20035342085252	0.330113220214844	0.0509070053100586	-1.26354198896776	0.241971450805664	1.08808178710938	-1.16451736128221	0.141850189208984	0.508817993164063	-0.953461071609357	0.432309051513672	0.397953826904297	-1.11103435957322	0.141469451904297	0.345680541992188	-0.957885525344709	0.446338653564453	0.658493530273437	-1.00279868757615	0.222412582397461	0.049479175567627	-0.746651760696271	0.204609451293945	0.046574146270752	-0.805295658229688	0.205871643066406	0.0639886207580567	-0.964485165237287	0.253815505981445	0.0281556606292725	-1.02040147077928	0.120358673095703	0.670593383789063	-0.962075375198224	0.338983642578125	0.263638946533203	-1.42061706220994	0.522525512695313	0.955804626464844	-0.933261501907209	0.473316162109375	0.925342102050781	-0.921760189651349	-0.00118515241146088	0.927153747558594	-1.02562147199998	0.508679870605469	0.8522431640625	-0.871462269424298	0.00822698593139649	0.794105285644531	-0.960333691238263	0.185351150512695	1.73568811035156	-0.96042928755174	0.0513018531799316	0.889185791015625	-0.990129864333966	0.151543807983398	1.05930859375	-0.980496609329084	0.352248901367188	0.0881618881225586	-1.30202740156541	0.272976837158203	1.2922666015625	-0.963189404128888	0.25940283203125	1.4231826171875	-0.989413525222638	0.411351470947266	1.04422216796875	-0.996716320632795	0.312576995849609	1.73208142089844	-0.952603024124005
69	0.68	0.535572143554688	1.18919750976563	-1.02147373248459	0.448388641357422	1.52535827636719	-1.06458371783615	0.0684416275024414	1.50678076171875	-1.08679462481857	0.496693572998047	1.38206591796875	-1.05114240313889	0.329167205810547	1.65833178710938	-1.08539868975998	0.00383303475379944	1.24230407714844	-1.09574314166428	0.178723068237305	1.66162170410156	-1.08983234454514	0.255190902709961	1.55600280761719	-1.13735984088303	0.00500617790222168	0.876596374511719	-1.04675637103439	0.534172180175781	0.915451904296875	-0.970091835511934	-0.0115475597381592	1.14765368652344	-1.08729901934982	0.120034080505371	1.44833630371094	-1.1787756123674	0.377644622802734	0.228251663208008	-1.34062473346115	0.432059844970703	0.511634002685547	-0.996604927552949	0.308397766113281	1.09175500488281	-1.16693085528732	0.285632598876953	1.27443249511719	-1.19939859820725	0.32862158203125	0.0527170677185059	-1.24056137896897	0.240762741088867	1.09003942871094	-1.16375406695725	0.142327835083008	0.509120391845703	-0.960957481874239	0.432157806396484	0.400360137939453	-1.09506534625412	0.14208447265625	0.346242462158203	-0.967247459901582	0.445301818847656	0.662823669433594	-0.993758430970918	0.223306793212891	0.0484731063842773	-0.758705170167696	0.205351333618164	0.0460977668762207	-0.817361904634248	0.206225936889648	0.0641668167114258	-0.976509026063692	0.254028533935547	0.0282901992797852	-1.03253066302658	0.120720115661621	0.670687805175781	-0.967628731263887	0.3405380859375	0.261041168212891	-1.40443741656662	0.522609985351563	0.957080871582031	-0.934886528505098	0.473352233886719	0.926664489746094	-0.923365639222871	-0.00134713125228882	0.929446655273438	-1.02115222979904	0.508526092529297	0.853353088378906	-0.873411247743379	0.00851885414123535	0.79668359375	-0.955336449159395	0.184956069946289	1.73774169921875	-0.958607155336152	0.0514024963378906	0.891667358398437	-0.98605918170334	0.149973602294922	1.06084020996094	-0.979872566713106	0.350906341552734	0.089341178894043	-1.27999414874436	0.272649291992188	1.29380285644531	-0.962162788881074	0.259184326171875	1.42483715820312	-0.987921791566621	0.410308197021484	1.04697985839844	-0.996284508241426	0.312183166503906	1.73418432617188	-0.950904015077363
70	0.69	0.5355751953125	1.19092626953125	-1.02242140617721	0.447911895751953	1.52706677246094	-1.06351283684127	0.0678321533203125	1.50908020019531	-1.08431889763228	0.496435089111328	1.38380859375	-1.05130745354049	0.32888427734375	1.66023120117187	-1.08332707634322	0.00304092025756836	1.24453759765625	-1.09164427605025	0.178213500976562	1.66343859863281	-1.08788353386275	0.254479431152344	1.5581396484375	-1.13542976799361	0.00462027025222778	0.878930969238281	-1.0420440410649	0.5341416015625	0.916860900878906	-0.972028812793417	-0.0122825517654419	1.14997094726562	-1.0830865978276	0.118874458312988	1.45073779296875	-1.17663463249557	0.377837615966797	0.225402465820313	-1.32164717522017	0.430941162109375	0.515938781738281	-0.983851307300253	0.306827545166016	1.09380297851562	-1.16655983391158	0.284127777099609	1.27667370605469	-1.19847374382369	0.326296508789063	0.0536941337585449	-1.21536256828658	0.239363647460937	1.09201818847656	-1.16311214104049	0.142931884765625	0.509440979003906	-0.968627750781698	0.431810760498047	0.402452331542969	-1.07857594719283	0.1427919921875	0.346755126953125	-0.976800861743612	0.444224670410156	0.667179870605469	-0.984189213184042	0.223946350097656	0.0474741516113281	-0.770667755511923	0.206051986694336	0.0455341491699219	-0.82930371632926	0.206585372924805	0.0644124526977539	-0.98838194694869	0.254194290161133	0.0284455242156983	-1.0445889629399	0.120981925964355	0.671169250488281	-0.972412235644979	0.341771331787109	0.256029266357422	-1.38751424064986	0.522743896484375	0.958438171386719	-0.936676395801229	0.473488800048828	0.928049865722656	-0.925096897510214	-0.00148798549175262	0.931940979003906	-1.01656534233443	0.508565093994141	0.854647583007813	-0.875361599353475	0.00882161712646484	0.7993994140625	-0.950240505603475	0.184673141479492	1.73967333984375	-0.956730778125448	0.0515532112121582	0.894115844726562	-0.981860401538534	0.14835498046875	1.06226257324219	-0.979399387744589	0.349141632080078	0.089977035522461	-1.25567757072799	0.272247650146484	1.29536389160156	-0.961202335742635	0.258955780029297	1.42646813964844	-0.986472492602987	0.409261993408203	1.05011804199219	-0.995834186938925	0.311956481933594	1.73610217285156	-0.949181286243124
71	0.7	0.5353359375	1.19256591796875	-1.02338613919599	0.447450958251953	1.52869836425781	-1.06249946622236	0.0673129119873047	1.51139172363281	-1.08195385770185	0.496079284667969	1.38549975585938	-1.05162654141767	0.328697784423828	1.66202172851563	-1.08134172086103	0.00225144076347351	1.24685510253906	-1.08756085233076	0.177824234008789	1.66518054199219	-1.08594961575849	0.253802307128906	1.56010119628906	-1.13361779813154	0.00425635957717896	0.881384704589844	-1.03717372159345	0.534172912597656	0.918202941894531	-0.974039383214548	-0.0129657278060913	1.15237902832031	-1.07885095242842	0.117824081420898	1.45301977539063	-1.17458483914717	0.377863128662109	0.220849380493164	-1.30182012967451	0.430238983154297	0.519958129882813	-0.971385559362009	0.305199188232422	1.095697265625	-1.1662392275749	0.282549926757812	1.27874938964844	-1.19750445584638	0.324271697998047	0.0538784713745117	-1.1886193850456	0.237895080566406	1.0939306640625	-1.16245550565107	0.143544906616211	0.509675964355469	-0.976332031529978	0.431316864013672	0.40459130859375	-1.0624579775749	0.143532272338867	0.346853424072266	-0.986574371617868	0.443339447021484	0.671527465820313	-0.974438339513376	0.224436553955078	0.046510066986084	-0.782483070653513	0.206542877197266	0.0449084205627441	-0.841105552476481	0.206875686645508	0.0646740951538086	-1.00009376553877	0.254368087768555	0.0285782070159912	-1.05650218228681	0.121499992370605	0.671524108886719	-0.976220703404978	0.342654693603516	0.248972793579102	-1.3693430178581	0.522926574707031	0.959829406738281	-0.938560013097361	0.473709808349609	0.9294423828125	-0.926906494420603	-0.00162194168567657	0.934524658203125	-1.01186262540205	0.508740905761719	0.855981628417969	-0.877334129613474	0.00913939476013184	0.802195068359375	-0.945040024083689	0.184487487792969	1.7413857421875	-0.954830375951364	0.0517135238647461	0.896576965332031	-0.977493057530954	0.146746627807617	1.06349914550781	-0.979067871373728	0.347418975830078	0.0880077896118164	-1.23074972562177	0.271792083740234	1.29688208007813	-0.960250046056345	0.258697479248047	1.42802795410156	-0.985070556920603	0.408091247558594	1.05282458496094	-0.995475036901072	0.311821960449219	1.73778173828125	-0.947426178258493
72	0.71	0.534958679199219	1.19408349609375	-1.02439428346966	0.4469912109375	1.53018701171875	-1.06157175844525	0.066881462097168	1.51361511230469	-1.07965966432904	0.495944122314453	1.38722412109375	-1.0516600000224	0.328358978271484	1.66350830078125	-1.07982947939252	0.0015242395401001	1.24909924316406	-1.0836096307597	0.177568771362305	1.66682678222656	-1.08405399721478	0.253165557861328	1.56185131835937	-1.13188956850384	0.00392116594314575	0.883859497070313	-1.03214620607709	0.534269775390625	0.919466613769531	-0.976064022239195	-0.0136236743927002	1.15474584960937	-1.07468151491498	0.116859710693359	1.45515466308594	-1.17259077089642	0.377429779052734	0.214864456176758	-1.28109452455853	0.429993316650391	0.523867309570312	-0.959045841392027	0.30375732421875	1.09733837890625	-1.16599235170697	0.280933258056641	1.28061560058594	-1.19654175966595	0.322673553466797	0.0539722404479981	-1.16095719545697	0.236422119140625	1.0955927734375	-1.16169923036908	0.144081893920898	0.509855651855469	-0.983961879905211	0.431122314453125	0.406592346191406	-1.04690801637982	0.144155838012695	0.346917633056641	-0.996672802146422	0.442574310302734	0.675776000976563	-0.965098568137633	0.224966903686523	0.0455329971313477	-0.794330318625914	0.206832061767578	0.0443576583862305	-0.852832169707762	0.207097900390625	0.0648648147583008	-1.01176993959759	0.254605621337891	0.0287129745483399	-1.06839817446087	0.122375602722168	0.6715166015625	-0.97966338747357	0.343091796875	0.240294586181641	-1.35014918154095	0.523170593261719	0.961172973632813	-0.940484195884215	0.473985687255859	0.930773742675781	-0.928742626365172	-0.00174015772342682	0.937093933105469	-1.00705711000775	0.509045928955078	0.857276062011719	-0.879316730674254	0.00949371719360352	0.805001770019531	-0.93971620577191	0.184411315917969	1.74287182617187	-0.952878963645445	0.0518387298583984	0.899160766601563	-0.972924892600523	0.145169677734375	1.06453149414062	-0.978828228171812	0.346119232177734	0.0845891036987305	-1.20502384584759	0.271325439453125	1.29828588867188	-0.959270412620054	0.258417907714844	1.42945422363281	-0.983739162620054	0.406894653320312	1.05520153808594	-0.99501527040814	0.311752685546875	1.73922424316406	-0.945622738059507
73	0.72	0.534594421386719	1.195494140625	-1.0254337235197	0.446536315917969	1.53147265625	-1.06073601538982	0.0665120315551758	1.51568896484375	-1.0774001084074	0.495919250488281	1.38863891601562	-1.05166565711345	0.327949157714844	1.66469592285156	-1.07854381568279	0.000859664976596832	1.25116052246094	-1.07985028846111	0.177450714111328	1.6683369140625	-1.08220456702556	0.252653701782227	1.5632958984375	-1.13033458716716	0.00361306619644165	0.8862666015625	-1.02698821265544	0.534404052734375	0.920618591308594	-0.978086296151537	-0.0142963066101074	1.15694970703125	-1.0706371231779	0.115954574584961	1.45712744140625	-1.1706188584074	0.376774993896484	0.207908508300781	-1.25936391455974	0.429964660644531	0.527520202636719	-0.947142501901049	0.302525329589844	1.0987763671875	-1.16573696143474	0.279304901123047	1.28218041992187	-1.19566793067302	0.321993499755859	0.0535702743530274	-1.13134172828044	0.234944320678711	1.09697009277344	-1.1609726486906	0.144647079467773	0.509769226074219	-0.991531227181811	0.430701385498047	0.408499389648438	-1.0319607926115	0.14452522277832	0.347232391357422	-1.00701531226482	0.441886993408203	0.680075744628906	-0.956464805673022	0.225577194213867	0.0445364418029785	-0.806318996499438	0.207062271118164	0.0439874153137207	-0.864574576686282	0.207346771240234	0.0649632873535156	-1.02355854041423	0.254870376586914	0.0288263378143311	-1.08034763343181	0.122690361022949	0.671673400878906	-0.983415069650073	0.343098205566406	0.230173324584961	-1.32989290625896	0.523482666015625	0.962368469238281	-0.942420059274096	0.474299377441406	0.931982971191406	-0.930564735482592	-0.00181971085071564	0.939549072265625	-1.00216004187908	0.509505157470703	0.85845703125	-0.881288370202441	0.00991099071502686	0.807758361816406	-0.934244018624682	0.184478942871094	1.74417041015625	-0.950895645211596	0.0520035209655762	0.901855651855469	-0.968198501656908	0.143643829345703	1.06537963867188	-0.978598327706713	0.345280517578125	0.0824471511840821	-1.17657817847576	0.270887908935547	1.29954235839844	-0.958282043527026	0.258143402099609	1.43073754882813	-0.982458007882494	0.40536865234375	1.0577841796875	-0.994318977425951	0.311800598144531	1.74040905761719	-0.943751495431322
74	0.73	0.534347045898438	1.1966865234375	-1.02654526134806	0.446099212646484	1.53250964355469	-1.05998489757853	0.0661660766601563	1.51756579589844	-1.07515552135782	0.495671875	1.3895078125	-1.05203387829142	0.327735534667969	1.66569165039062	-1.0770958442338	0.000188290789723396	1.25299401855469	-1.07630199047404	0.177435028076172	1.66967736816406	-1.08038757702189	0.252150802612305	1.56467944335937	-1.1288204536088	0.00332895302772522	0.888528015136719	-1.02172671886759	0.534558959960937	0.921634826660156	-0.980084629023841	-0.0150115919113159	1.15890588378906	-1.06675120922404	0.115054908752441	1.45893347167969	-1.16866760631876	0.376294006347656	0.200240158081055	-1.23655072399454	0.429924835205078	0.530954284667969	-0.9358798865922	0.301429260253906	1.10018029785156	-1.16545911022501	0.277714294433594	1.28350048828125	-1.19479608532267	0.322044372558594	0.052687744140625	-1.10091266247111	0.233578536987305	1.09823095703125	-1.16037842174845	0.145032669067383	0.509280334472656	-0.999194850886634	0.430191802978516	0.409806274414063	-1.0173240852006	0.144744064331055	0.34726611328125	-1.01743545910197	0.441265563964844	0.68442578125	-0.948612346614173	0.226232055664063	0.0435184593200684	-0.818330825770667	0.207385589599609	0.043592472076416	-0.87630312582331	0.207679504394531	0.0650704956054688	-1.03531097790079	0.255137588500977	0.0289638710021973	-1.09227690502482	0.122740386962891	0.671479797363281	-0.987230525935462	0.342661834716797	0.21870849609375	-1.30847232433634	0.523850891113281	0.963334106445312	-0.944349544490149	0.474655364990234	0.933015258789063	-0.932345462764075	-0.00184922587871552	0.94181982421875	-0.997180171931556	0.510111572265625	0.859440979003906	-0.883233999217322	0.0104106044769287	0.810429809570313	-0.928601470912268	0.184663391113281	1.74523278808594	-0.948906879390051	0.0522613334655762	0.904486694335938	-0.963372455561927	0.14222477722168	1.06601489257812	-0.97832381817179	0.345218536376953	0.0799955062866211	-1.1466116065629	0.270501678466797	1.3006357421875	-0.957312496150305	0.257911987304688	1.43187036132812	-0.98119230266886	0.40398486328125	1.05994543457031	-0.993881236995032	0.311998931884766	1.74132214355469	-0.941841136897376
75	0.74	0.5342587890625	1.19750134277344	-1.02782063279458	0.445705657958984	1.53327770996094	-1.0592938231022	0.0658101425170898	1.51919348144531	-1.07292689500161	0.495714324951172	1.39055847167969	-1.0518144682438	0.327853454589844	1.66669372558594	-1.075273727277	-0.000559919536113739	1.25457580566406	-1.07297285447427	0.177455947875977	1.67086926269531	-1.07858821091958	0.251660247802734	1.56573156738281	-1.12735397324868	0.0030827624797821	0.890570678710938	-1.01636547837564	0.534763244628906	0.922473999023438	-0.98204306779214	-0.0157800483703613	1.16056579589844	-1.06302947984048	0.114131996154785	1.46054284667969	-1.16672291550942	0.375805511474609	0.191720306396484	-1.21264070115396	0.429802154541016	0.534540832519531	-0.92526559815713	0.300517303466797	1.1015185546875	-1.16515995774575	0.276193359375	1.28462268066406	-1.19387184129068	0.322843322753906	0.0517097816467285	-1.06946986375161	0.23238542175293	1.09944494628906	-1.15982109055825	0.145102096557617	0.508774505615234	-1.00710805497476	0.429722717285156	0.41023583984375	-1.00289442429849	0.144890319824219	0.34701220703125	-1.0276149748356	0.440728271484375	0.688589965820313	-0.941529361584865	0.226775207519531	0.0425113792419434	-0.830239223340236	0.207652938842773	0.0430637168884277	-0.88797200689622	0.20807975769043	0.0651286010742188	-1.04693870530435	0.255420471191406	0.0291908512115479	-1.10411003098794	0.122727874755859	0.671303588867188	-0.991632598736964	0.341878082275391	0.206198379516602	-1.28598579392739	0.524249267578125	0.964022338867187	-0.946259235242091	0.475061828613281	0.933801879882812	-0.934070083478175	-0.0018519458770752	0.943871948242188	-0.992121368268214	0.5108369140625	0.860176635742188	-0.885125446537219	0.011003173828125	0.812987854003906	-0.92276292023965	0.184920822143555	1.74605883789062	-0.946903972485743	0.0525653800964355	0.906890869140625	-0.958522865155421	0.140911743164062	1.06641845703125	-0.977982162335597	0.345248138427734	0.0764580154418946	-1.11685488877603	0.270157592773437	1.30154919433594	-0.956360740521632	0.257719818115234	1.43283129882813	-0.97995159135171	0.402592376708984	1.06171740722656	-0.993273650983058	0.312285217285156	1.74198266601563	-0.939926738599025
76	0.75	0.534364562988281	1.19791381835937	-1.0292815511161	0.445369537353516	1.53377099609375	-1.05864123129188	0.065437255859375	1.52052990722656	-1.07071549581825	0.495963409423828	1.39155529785156	-1.05125350546181	0.328158966064453	1.66754443359375	-1.07325457357704	-0.00141235494613647	1.25589428710938	-1.06986075949013	0.177488342285156	1.67186547851563	-1.07676877950966	0.251144546508789	1.56650341796875	-1.12595577596962	0.00291877675056458	0.892301452636719	-1.01090440725624	0.535032287597656	0.923034240722656	-0.983991740935439	-0.0165996150970459	1.16190551757812	-1.05944898580849	0.113160148620605	1.46191259765625	-1.16475362753212	0.375060882568359	0.182161087036133	-1.1883718221122	0.429435211181641	0.53822119140625	-0.915427871459121	0.299710357666016	1.10263464355469	-1.16480965780556	0.274669586181641	1.28548913574219	-1.19300020956337	0.324497131347656	0.0504109497070313	-1.03748385214149	0.231392593383789	1.10043835449219	-1.15927047323524	0.145662979125977	0.508667083740234	-1.01493405508339	0.429007446289063	0.410105529785156	-0.988706844084853	0.144972152709961	0.346869201660156	-1.03705573629677	0.440236236572266	0.692443359375	-0.935060683959121	0.227032455444336	0.0417677536010742	-0.842105182402724	0.207771118164062	0.0424969215393066	-0.899650638216132	0.208408157348633	0.0651040115356445	-1.05851023458778	0.25565168762207	0.0294897155761719	-1.11589144491493	0.122881973266602	0.671033447265625	-0.996526454680557	0.340732727050781	0.192985778808594	-1.26224566244423	0.524661682128906	0.964409423828125	-0.948145461791152	0.475523101806641	0.934268615722656	-0.935736774199599	-0.00186090803146362	0.945679565429688	-0.986990604155654	0.511650115966797	0.860620971679688	-0.886963815444106	0.0116868009567261	0.815386596679687	-0.916717464202041	0.185239974975586	1.74669653320313	-0.944880069487685	0.0528619651794434	0.909051147460938	-0.953579875701064	0.139683456420898	1.06655517578125	-0.977579746001357	0.345447906494141	0.0727279739379883	-1.08667753195106	0.269823303222656	1.30226623535156	-0.955408160918349	0.257550994873047	1.43359069824219	-0.978756679289931	0.401210327148438	1.06346911621094	-0.992616023772353	0.312636901855469	1.742361328125	-0.938025398009414
77	0.76	0.534677856445313	1.19801428222656	-1.03079697383216	0.445076080322266	1.53398022460937	-1.05802257502845	0.0650678863525391	1.52155615234375	-1.06851695979407	0.495758117675781	1.39156799316406	-1.051607459672	0.328396942138672	1.66802587890625	-1.07143222773841	-0.0023559935092926	1.25694592285156	-1.06693027461341	0.177560317993164	1.67256201171875	-1.07490689814856	0.250623550415039	1.56705310058594	-1.12449170649817	0.00286821842193604	0.893670349121094	-1.00534926570227	0.535310546875	0.923195922851562	-0.986012420304325	-0.0174568691253662	1.16292468261719	-1.05596494258216	0.112109725952148	1.46300134277344	-1.1627515789347	0.374426696777344	0.172707336425781	-1.16323348201087	0.428869842529297	0.541649108886719	-0.906548524506595	0.298975799560547	1.10353833007812	-1.1644244304972	0.2732197265625	1.28619091796875	-1.19217734492591	0.326855102539063	0.0493433036804199	-1.00478794062903	0.230642822265625	1.10108972167969	-1.15865048945716	0.146181289672852	0.508566345214844	-1.02253536189368	0.427981323242188	0.409322143554687	-0.974546264298465	0.144987564086914	0.346854278564453	-1.04565143550208	0.439814270019531	0.695958740234375	-0.92920221484473	0.227130355834961	0.0411969528198242	-0.853952472336795	0.207868148803711	0.041970703125	-0.911336888440158	0.208707168579102	0.0649607925415039	-1.07007909358313	0.255779251098633	0.0298666782379151	-1.12766229975989	0.122911712646484	0.670489135742187	-1.00155544246009	0.339415802001953	0.178935134887695	-1.23727564204505	0.525101013183594	0.964478942871094	-0.950016479142215	0.476041198730469	0.934376342773438	-0.937355390198734	-0.00189377784729004	0.947227111816406	-0.981803687699344	0.512530944824219	0.860731323242187	-0.888792771943119	0.0124402532577515	0.817591247558594	-0.910500824012067	0.185651489257812	1.74710180664062	-0.942858092911746	0.053142749786377	0.910975524902344	-0.948474395401981	0.138533935546875	1.06640234375	-0.977129157670047	0.348684356689453	0.0698298492431641	-1.05445243037513	0.269472412109375	1.30275720214844	-0.954445018418338	0.257403015136719	1.43411157226563	-0.977588088639286	0.400110809326172	1.06488342285156	-0.991978278763797	0.313072021484375	1.7424501953125	-0.936116145737674
78	0.77	0.535180297851563	1.19796313476562	-1.03209279205602	0.444793121337891	1.5338955078125	-1.05742563202184	0.0647281265258789	1.52227221679687	-1.06632513763708	0.495060211181641	1.39069128417969	-1.05276878692907	0.328507415771484	1.66807995605469	-1.06978723480505	-0.00333952903747559	1.25770825195313	-1.06409657623571	0.177682891845703	1.67294567871094	-1.0730378604154	0.250111892700195	1.56739709472656	-1.12296547272008	0.00287967610359192	0.894755432128906	-0.999683612368522	0.535538208007812	0.922961486816406	-0.988119967959343	-0.0183422164916992	1.16363806152344	-1.05252319671911	0.111022605895996	1.4637734375	-1.16073201324743	0.373739776611328	0.163165878295898	-1.13723773529333	0.428174163818359	0.5448740234375	-0.898378932497917	0.298433319091797	1.10412622070313	-1.16394284393591	0.271955291748047	1.28666394042969	-1.19126604034704	0.330007659912109	0.0484607353210449	-0.971220626376091	0.230009628295898	1.10143518066406	-1.15796342804235	0.146174255371094	0.508211639404297	-1.02992536499303	0.427435699462891	0.408445770263672	-0.960116336367546	0.144946792602539	0.346823333740234	-1.05398221161169	0.439413604736328	0.699161987304687	-0.923939929864822	0.227432159423828	0.0405155715942383	-0.865642493746696	0.208000137329102	0.041569221496582	-0.922980038009105	0.20900764465332	0.0648777084350586	-1.08173608734411	0.2558935546875	0.0302650699615479	-1.13940899994176	0.122882537841797	0.669978210449219	-1.00646515991491	0.338142669677734	0.164249298095703	-1.21107072784704	0.525590576171875	0.964217834472656	-0.951894984744011	0.47661279296875	0.934132629394531	-0.938947635195671	-0.00194703543186188	0.948548156738281	-0.976585685275017	0.513484741210937	0.860500915527344	-0.89065614654821	0.0132339658737183	0.819612487792969	-0.904158139727531	0.186137878417969	1.74723706054687	-0.940813684008537	0.053436824798584	0.912667053222656	-0.943275296709953	0.137465606689453	1.06599096679687	-0.976620940707145	0.351772430419922	0.0666850662231445	-1.02224932434362	0.269114654541016	1.30298693847656	-0.953478850863395	0.257274749755859	1.43436047363281	-0.976421309969841	0.399032501220703	1.06588928222656	-0.991284427187858	0.313575225830078	1.74226416015625	-0.934221487543998
79	0.78	0.535821716308594	1.1978681640625	-1.03297717229161	0.444504333496094	1.53351989746094	-1.05680700627598	0.0644231185913086	1.52268420410156	-1.06414065495762	0.494704772949219	1.39019592285156	-1.05305342046055	0.328548645019531	1.66778173828125	-1.06821890202793	-0.00430147171020508	1.25815063476563	-1.0612691721085	0.177844543457031	1.67307653808594	-1.07120240727696	0.24964485168457	1.56747290039062	-1.12147161809239	0.00289545178413391	0.895629455566406	-0.993890674031109	0.535727905273437	0.922436828613281	-0.990220809376568	-0.0192461948394775	1.16406201171875	-1.04907562962803	0.109995666503906	1.46420532226563	-1.15871491948399	0.373185028076172	0.153223190307617	-1.11034349004063	0.427273315429687	0.547833129882813	-0.890826026356548	0.297867309570312	1.1044716796875	-1.16348921147618	0.270861114501953	1.28690942382813	-1.19034210149083	0.333132385253906	0.0480221977233887	-0.936922166741222	0.229389831542969	1.10150012207031	-1.1572727960709	0.145730117797852	0.507722839355469	-1.03734845677647	0.426821868896484	0.407185119628906	-0.946147754109234	0.144980377197266	0.346862945556641	-1.06246720830235	0.438966674804687	0.701972290039062	-0.919170022404522	0.227993011474609	0.039667652130127	-0.877197608387798	0.208117477416992	0.0413061790466309	-0.934589494502873	0.209152923583984	0.0655640869140625	-1.09336433354649	0.256102142333984	0.0305904674530029	-1.15109902898106	0.122862503051758	0.669602661132813	-1.01147795811924	0.336847320556641	0.149450866699219	-1.18371241704258	0.526145446777344	0.963622375488281	-0.953799264347881	0.477230316162109	0.933560668945313	-0.940535034573406	-0.00199203431606293	0.949698669433594	-0.971328257954449	0.514542053222656	0.859955261230469	-0.892561686909527	0.0140501079559326	0.821492797851562	-0.897709945118755	0.186666625976563	1.74714575195313	-0.938762704766125	0.0537578735351563	0.914213928222656	-0.938015092289776	0.13648486328125	1.06536779785156	-0.976069304859966	0.35411962890625	0.0636357383728027	-0.989715308583111	0.268791625976563	1.302921875	-0.952508977330059	0.257173156738281	1.43433142089844	-0.975236293232769	0.398092193603516	1.06658764648438	-0.990709662831158	0.314168670654297	1.74180322265625	-0.932386942422718
80	0.79	0.536440734863281	1.19760290527344	-1.03370530252719	0.444229461669922	1.53288269042969	-1.05611620645786	0.0641576538085938	1.52278698730469	-1.06197002725864	0.494912963867188	1.39029077148438	-1.0522073853519	0.328561553955078	1.66721801757813	-1.06686455850864	-0.0052069411277771	1.25827453613281	-1.0583893082645	0.178014617919922	1.67297985839844	-1.06939710550571	0.249225311279297	1.56726794433594	-1.11996581583286	0.00289318561553955	0.896316040039063	-0.988023284247162	0.535939758300781	0.921714233398437	-0.992222598364594	-0.0201474533081055	1.16420983886719	-1.04558966379428	0.109051429748535	1.46429614257813	-1.15671668558383	0.372661529541016	0.142988037109375	-1.08259072428012	0.426301513671875	0.550342102050781	-0.884167308142426	0.297199859619141	1.10449194335937	-1.16308701639438	0.269871765136719	1.28698901367188	-1.18943030863071	0.337006195068359	0.0485128936767578	-0.902591700842621	0.22882682800293	1.10126037597656	-1.15659357767368	0.145713653564453	0.507518157958984	-1.04478127603793	0.426056945800781	0.405881011962891	-0.932471045782807	0.145209274291992	0.346938934326172	-1.0712598374393	0.438449798583984	0.704221313476562	-0.914854069998505	0.228600967407227	0.0388255729675293	-0.888778796484711	0.208249816894531	0.0410480155944824	-0.946230591636168	0.20933757019043	0.0662127075195313	-1.10498005228305	0.256341369628906	0.0309600086212158	-1.16283674173618	0.122894287109375	0.669252136230469	-1.01652697305942	0.335572937011719	0.13445556640625	-1.15512061624789	0.526769165039062	0.962697570800781	-0.955719598105194	0.47788525390625	0.932683044433594	-0.942117635538819	-0.00199586141109467	0.950666931152344	-0.966009959509613	0.515722229003906	0.859115173339844	-0.8945014679935	0.0148851137161255	0.823270263671875	-0.891166148474457	0.187231964111328	1.74681213378906	-0.936737668326141	0.0540854339599609	0.915603942871094	-0.932743224432709	0.135585250854492	1.06456127929688	-0.975488906195404	0.356865875244141	0.0616364517211914	-0.956234598448517	0.268535125732422	1.30252453613281	-0.951519693186524	0.257121826171875	1.43400854492188	-0.974035603811981	0.39732763671875	1.06703295898438	-0.990072074225189	0.31481494140625	1.74109899902344	-0.930571410467865
81	0.8	0.53677685546875	1.19688330078125	-1.03477016371981	0.444011169433594	1.5320322265625	-1.0553280631949	0.0639415626525879	1.52258056640625	-1.05981363600985	0.494852722167969	1.38964709472656	-1.05197124404207	0.328570617675781	1.66639001464844	-1.0655335609366	-0.00606147480010986	1.25813049316406	-1.05542521590487	0.178150054931641	1.67264855957031	-1.06758511275545	0.248840469360352	1.56681201171875	-1.11843453139559	0.00289030742645264	0.896785705566406	-0.982128833000813	0.536223205566406	0.920806396484375	-0.994124510948811	-0.0210247898101807	1.16410144042969	-1.04204700392977	0.108177093505859	1.4640712890625	-1.15474182814852	0.372445220947266	0.133196685791016	-1.05354707259432	0.425172241210937	0.552124572753906	-0.878501944725667	0.296475433349609	1.10411413574219	-1.16259499282137	0.268907989501953	1.28679943847656	-1.18851079482332	0.340349975585937	0.0492756614685059	-0.86791685408846	0.228293884277344	1.10070812988281	-1.15588599318758	0.146430130004883	0.507391845703125	-1.05200073928133	0.425319091796875	0.404212677001953	-0.919618521874104	0.145621948242187	0.346813507080078	-1.08043122023836	0.437887420654297	0.705911682128906	-0.911086569969807	0.229044876098633	0.0382914848327637	-0.900466838066731	0.208450469970703	0.0406896018981934	-0.957913220201884	0.209905700683594	0.066085433959961	-1.11642510146395	0.256615844726563	0.0314060020446777	-1.17460369033114	0.122973373413086	0.668812866210937	-1.021280909722	0.334362060546875	0.119365226745605	-1.12546556777254	0.527445251464844	0.961460815429688	-0.957622418468152	0.478585693359375	0.93150244140625	-0.943672369187031	-0.00193932998180389	0.951388244628906	-0.960633195345555	0.517001831054688	0.857973449707031	-0.896469405357991	0.0157379217147827	0.824939697265625	-0.884547957604085	0.187807022094727	1.74619262695312	-0.934754532997761	0.0544091377258301	0.916739196777344	-0.927454575722371	0.134739242553711	1.06358923339844	-0.974832629387532	0.359903533935547	0.0607021789550781	-0.922202223961506	0.268352020263672	1.30174951171875	-0.950501453106556	0.257126556396484	1.43335754394531	-0.972808790390645	0.396688262939453	1.0674892578125	-0.989161734764729	0.315446319580078	1.74017700195313	-0.928747334664021
82	0.81	0.536788391113281	1.1956123046875	-1.03608008106477	0.443877380371094	1.53098559570313	-1.05445273121125	0.0637787818908691	1.52207543945313	-1.0576624861551	0.494576232910156	1.38850695800781	-1.05204085834748	0.328703033447266	1.66531555175781	-1.06390427692658	-0.00687046718597412	1.25776281738281	-1.05236667927033	0.178291366577148	1.67203686523438	-1.06574655445344	0.248463897705078	1.56613134765625	-1.1168418913675	0.00289545845985413	0.897023498535156	-0.976206430513924	0.53659765625	0.919635498046875	-0.996007863123483	-0.0218740577697754	1.16376928710937	-1.03843580158479	0.107394081115723	1.46356530761719	-1.15276796253449	0.372255737304688	0.123731605529785	-1.02397097309358	0.424075347900391	0.553262268066406	-0.873556864817208	0.295723541259766	1.10331677246094	-1.1620519896341	0.268059661865234	1.28624987792969	-1.18755787952668	0.343656341552734	0.05111328125	-0.833072756846017	0.227762222290039	1.0998564453125	-1.1551224394632	0.14709733581543	0.507113128662109	-1.05925098713166	0.424518707275391	0.402270843505859	-0.907419089396066	0.146086303710938	0.34681884765625	-1.08985767658479	0.437348846435547	0.707170471191406	-0.907754740793771	0.229340118408203	0.0379809494018555	-0.912188448984689	0.208618530273437	0.0403665313720703	-0.969627776999539	0.210369659423828	0.0660500869750977	-1.12791255481965	0.256986511230469	0.0319241828918457	-1.18637256153352	0.122988899230957	0.6682939453125	-1.02614737613923	0.333281890869141	0.104443389892578	-1.09470292957551	0.52814697265625	0.959949462890625	-0.959461887438363	0.479353393554688	0.93000537109375	-0.945177025873727	-0.00184283947944641	0.951834716796875	-0.95520606048829	0.518348449707031	0.856475280761719	-0.898472239573068	0.0165951557159424	0.826434204101563	-0.877897730906075	0.188366790771484	1.7452880859375	-0.932810519297189	0.0547051429748535	0.917613586425781	-0.922112979013985	0.13393083190918	1.06247583007812	-0.974009513695306	0.362572998046875	0.0584315338134766	-0.888319369394845	0.268243408203125	1.30059924316406	-0.949470566828317	0.257173126220703	1.43234912109375	-0.971538580734795	0.395016693115234	1.06545983886719	-0.991181668360299	0.316059722900391	1.73902465820313	-0.9269302016092
83	0.82	0.536682250976563	1.19410119628906	-1.0369851789212	0.443816558837891	1.52972631835938	-1.05352851769684	0.063673957824707	1.52130200195312	-1.05549999902008	0.494443145751953	1.38740393066406	-1.05176854607818	0.328960113525391	1.66404028320313	-1.06227476403473	-0.00760803508758545	1.25717358398437	-1.04921884057281	0.178518417358398	1.67109362792969	-1.06390493676422	0.248205810546875	1.56512084960938	-1.11531443688629	0.00291278409957886	0.897045288085938	-0.970268224689939	0.537045227050781	0.918142395019531	-0.997926043484189	-0.0227015857696533	1.16324877929688	-1.03475042245147	0.106711029052734	1.46282849121094	-1.15077844140289	0.372269805908203	0.114389892578125	-0.993866970989682	0.423066284179688	0.55381689453125	-0.869285635921933	0.294913269042969	1.10218579101562	-1.16147543236969	0.267446411132812	1.28543811035156	-1.18666351220367	0.346656433105469	0.0537207527160644	-0.798362166378476	0.227216018676758	1.09866296386719	-1.15426853844879	0.147437057495117	0.506844604492187	-1.0666941594815	0.423897705078125	0.400325866699219	-0.895455573055722	0.146514282226563	0.347003814697266	-1.09938899895904	0.436808685302734	0.707932495117187	-0.904846831295468	0.22958039855957	0.0376538772583008	-0.923870738003232	0.208700103759766	0.0401401138305664	-0.981376973245122	0.210812683105469	0.0661307220458985	-1.13943829247711	0.257413421630859	0.0325636672973633	-1.19812826440094	0.122722801208496	0.667910461425781	-1.03139597222564	0.332682708740234	0.0904098739624023	-1.06266371056793	0.528854309082031	0.958205688476563	-0.96119163987396	0.480190887451172	0.928185363769531	-0.946627467129209	-0.00174199604988098	0.952037292480469	-0.949746573421933	0.519718811035156	0.854568237304688	-0.900513464901425	0.017429931640625	0.827676452636719	-0.871267050716855	0.18890087890625	1.74413269042969	-0.930903799984433	0.055010425567627	0.918289855957031	-0.916763861629941	0.133186157226562	1.06121350097656	-0.972996616337277	0.364951416015625	0.0569705581665039	-0.854245123836972	0.268203186035156	1.29914306640625	-0.948436694118955	0.257253265380859	1.4310048828125	-0.97022427079437	0.394240356445313	1.06448071289063	-0.991268467876889	0.316686767578125	1.73764428710938	-0.925117243740537
84	0.83	0.536552062988281	1.19254870605469	-1.03734465681304	0.443791778564453	1.52824011230469	-1.05259153639067	0.0636360015869141	1.52031066894531	-1.05331881605376	0.494240112304688	1.38571423339844	-1.05174889265288	0.329155364990234	1.66253210449219	-1.06086568723906	-0.0082396354675293	1.25634484863281	-1.04599701200713	0.178840591430664	1.66982934570313	-1.06210311399687	0.248017532348633	1.56386755371094	-1.11376339231719	0.00293179750442505	0.896889221191406	-0.964363987791429	0.537542358398438	0.916351440429688	-0.999829371321092	-0.0234991474151611	1.16255285644531	-1.03099790846098	0.106126815795898	1.461888671875	-1.14878763853301	0.372598388671875	0.105579727172852	-0.963189989912401	0.421992156982422	0.553571533203125	-0.865824869978319	0.294126434326172	1.10076110839844	-1.16073972593535	0.266931060791016	1.28434533691406	-1.18569283567656	0.349517517089844	0.0569459075927734	-0.763835963117967	0.226630264282227	1.09712744140625	-1.15323089109648	0.147658569335937	0.506718353271484	-1.07428589140166	0.423335662841797	0.398094390869141	-0.884232127058397	0.146790252685547	0.347306396484375	-1.10907454954375	0.436208557128906	0.708089782714844	-0.902479327070604	0.229785705566406	0.0373378982543945	-0.935561835157762	0.208748657226562	0.0399535598754883	-0.993177752959619	0.210996200561523	0.0666984481811524	-1.15117331968535	0.257784362792969	0.0332631492614746	-1.20985741697539	0.123086067199707	0.667118225097656	-1.03552442442168	0.332177337646484	0.0773849334716797	-1.02973670469512	0.529560363769531	0.956248168945313	-0.962782902586351	0.481063446044922	0.926054809570312	-0.948026652204881	-0.0016402782201767	0.9520400390625	-0.944297118055711	0.521043212890625	0.852255737304688	-0.902578051435838	0.0182308540344238	0.828621032714844	-0.864695338117967	0.18942155456543	1.74273400878906	-0.929037440168748	0.0553958129882813	0.918823059082031	-0.911455324995408	0.132568710327148	1.05975964355469	-0.971806366789232	0.367302185058594	0.0569645500183105	-0.819931086408983	0.268235076904297	1.29744836425781	-0.947392535078416	0.257381011962891	1.42938244628906	-0.968873490202317	0.393995910644531	1.06409741210937	-0.990180178987871	0.31729833984375	1.73611010742187	-0.923287890303025
85	0.84	0.536405029296875	1.19083764648438	-1.03743590808133	0.443790924072266	1.52651867675781	-1.0516559627078	0.0636853866577149	1.51912731933594	-1.05112842440824	0.494096008300781	1.38370092773438	-1.05194843173246	0.329291931152344	1.66074548339844	-1.05951665377836	-0.00875680255889893	1.25528088378906	-1.04272159457425	0.179209884643555	1.66829895019531	-1.06033207583646	0.247899139404297	1.56248266601563	-1.11212895083646	0.00294319915771484	0.896553100585938	-0.958531630279821	0.538074645996094	0.914309997558594	-1.00162560820798	-0.0242328796386719	1.16166467285156	-1.02719439196805	0.105701316833496	1.46069763183594	-1.14680028414945	0.372779663085938	0.0976056060791016	-0.931932402374548	0.420961761474609	0.552583679199219	-0.863202078583044	0.293319702148438	1.09903942871094	-1.15989174533109	0.266343566894531	1.28307653808594	-1.18457221102933	0.352136627197266	0.0611357040405273	-0.729796149017614	0.226033172607422	1.09539782714844	-1.15201135897855	0.147878631591797	0.506629119873047	-1.08196028781156	0.422946380615234	0.39569189453125	-0.873682028534216	0.146969970703125	0.347778503417969	-1.11879418063382	0.435562805175781	0.707603271484375	-0.900648840668005	0.229935989379883	0.0370823554992676	-0.947275015594762	0.208712661743164	0.0398608818054199	-1.00503131377916	0.21082731628418	0.0679375305175781	-1.16316144442777	0.258093811035156	0.0339323425292969	-1.22157831454496	0.123543792724609	0.666256774902344	-1.03954403567533	0.331895080566406	0.065746467590332	-0.996163479568762	0.530264831542969	0.954071105957031	-0.964226450683874	0.481918731689453	0.923645385742188	-0.949375063659948	-0.00152518427371979	0.951856018066406	-0.938901167633337	0.522266174316406	0.849600341796875	-0.904627211334509	0.0190084533691406	0.829259033203125	-0.858209402801794	0.189937576293945	1.74110900878906	-0.92722379183988	0.0558819122314453	0.919031311035156	-0.906199087860387	0.132122650146484	1.05810778808594	-0.970408098938268	0.369622680664063	0.058047420501709	-0.785839850189489	0.268358367919922	1.29553942871094	-0.946323363067907	0.257587127685547	1.427546875	-0.96748814654569	0.393414581298828	1.06258679199219	-0.990005861999792	0.317876312255859	1.734447265625	-0.921458739044469
86	0.85	0.536305114746094	1.18883605957031	-1.03740001167507	0.443842010498047	1.52456457519531	-1.0507080103323	0.0638308753967285	1.51773083496094	-1.04894508613796	0.49405615234375	1.38168676757813	-1.05186905540676	0.329658416748047	1.65890808105469	-1.05782797874661	-0.00917483043670654	1.25401159667969	-1.03941325248928	0.179638031005859	1.66648291015625	-1.05859351219387	0.247942443847656	1.56084692382813	-1.1105355707571	0.00296108365058899	0.896013305664063	-0.952767977373316	0.538643188476563	0.912044128417969	-1.00326960529537	-0.0248573913574219	1.16055859375	-1.02335398163052	0.105461463928223	1.45921752929687	-1.14485796608181	0.373221740722656	0.0913326034545898	-0.900259546892359	0.419853271484375	0.550949096679688	-0.861546175615503	0.292431762695313	1.09708520507813	-1.15895300544949	0.265781036376953	1.28152062988281	-1.18349856819363	0.3549814453125	0.0666630706787109	-0.696214342729761	0.225456741333008	1.09350903320312	-1.15073156990261	0.148079559326172	0.506556579589844	-1.08956299080105	0.422542785644531	0.392727386474609	-0.863641695635034	0.147156631469727	0.348231353759766	-1.12847033180447	0.435051544189453	0.706437072753906	-0.899398653642847	0.229984771728516	0.0368711814880371	-0.958984064714624	0.2085693359375	0.0398030090332031	-1.01688626159878	0.211511947631836	0.0678119125366211	-1.17459880317898	0.258371856689453	0.034629093170166	-1.23331372322292	0.123644561767578	0.665502380371094	-1.04363739456387	0.332112731933594	0.0558652992248535	-0.962549063341333	0.530965576171875	0.951652770996094	-0.965522108690454	0.482721405029297	0.920985046386719	-0.950675371782495	-0.00138744854927063	0.951488220214844	-0.933567865984155	0.523382690429688	0.846676513671875	-0.906591272966577	0.0197682456970215	0.8296103515625	-0.851830645219995	0.190463195800781	1.73931726074219	-0.925439234392359	0.056372688293457	0.918883911132813	-0.901012995378687	0.131839599609375	1.05626025390625	-0.968746588365747	0.371857940673828	0.0604244575500488	-0.751995592729761	0.268566497802734	1.2934462890625	-0.945202540056421	0.257871643066406	1.42553820800781	-0.96606290687771	0.393564788818359	1.06191125488281	-0.98871688331814	0.318458892822266	1.73261389160156	-0.9196630884573
87	0.86	0.536280700683594	1.1865322265625	-1.0372431073495	0.443991943359375	1.52239855957031	-1.04971511319362	0.0640573120117188	1.51610815429688	-1.04678044369899	0.494256378173828	1.37966552734375	-1.05126912358485	0.330289764404297	1.65705603027344	-1.05586352017604	-0.00951141834259033	1.25256921386719	-1.0360865211793	0.180115158081055	1.66442993164063	-1.0568858189889	0.247968124389648	1.559013671875	-1.10892198804103	0.00301761507987976	0.895232177734375	-0.947038054020033	0.53926904296875	0.909581298828125	-1.00474426892482	-0.0253388404846191	1.15922473144531	-1.01948851731502	0.105364181518555	1.45748425292969	-1.14296823743068	0.373507202148438	0.086499382019043	-0.868758604557142	0.418461120605469	0.548794555664063	-0.860813429386244	0.291537628173828	1.09487219238281	-1.15777901318751	0.265333557128906	1.27964733886719	-1.18233579877101	0.357590087890625	0.0746528091430664	-0.663234831363783	0.22483854675293	1.09137512207031	-1.14941257336818	0.148176834106445	0.506464996337891	-1.09686514905177	0.422080535888672	0.389567291259766	-0.853974882633314	0.147164596557617	0.34866259765625	-1.13802669385158	0.434621643066406	0.704503540039063	-0.89887469342433	0.229895324707031	0.0367394599914551	-0.970683012516127	0.208501953125	0.0397194290161133	-1.02876783254825	0.212087158203125	0.0677385559082031	-1.18616740277492	0.258658325195313	0.0354849739074707	-1.2450703263589	0.123556205749512	0.664636779785156	-1.04773189213954	0.332183898925781	0.0472478485107422	-0.928597532779799	0.531663391113281	0.948977233886719	-0.96667269757472	0.483480560302734	0.918065307617188	-0.951928015262709	-0.00121831715106964	0.950926147460938	-0.928264395267591	0.524408081054688	0.843516479492188	-0.908434889347181	0.0205023365020752	0.829707458496094	-0.845578321964369	0.191017486572266	1.73733154296875	-0.923662817508802	0.0567763595581055	0.9185947265625	-0.895859663517103	0.131706665039063	1.0541787109375	-0.966835833103285	0.374131225585938	0.0647950744628906	-0.718684721500502	0.268824188232422	1.29121520996094	-0.944012144596205	0.2582060546875	1.42336059570313	-0.964585585147963	0.393661437988281	1.06059008789062	-0.987756308109388	0.319076110839844	1.73057385253906	-0.917897741825209
88	0.87	0.536330017089844	1.18403503417969	-1.03697444765283	0.444261077880859	1.52004553222656	-1.04865599720194	0.0643635559082031	1.51428881835938	-1.0446381863804	0.494510101318359	1.37740393066406	-1.05056668226435	0.330892852783203	1.65490209960938	-1.05407519952967	-0.00976888084411621	1.25096826171875	-1.03274962846948	0.180617813110352	1.66221276855469	-1.05518391935541	0.248226593017578	1.55681420898438	-1.10731765215113	0.00312590289115906	0.89420361328125	-0.941338648244875	0.539973937988281	0.906942504882812	-1.00604323808863	-0.0256686305999756	1.15767492675781	-1.01561503450586	0.105381774902344	1.45554284667969	-1.14106736986353	0.373909423828125	0.0832186660766601	-0.838165872976321	0.416881958007813	0.54591455078125	-0.86105439226343	0.290740173339844	1.09239147949219	-1.15638569872095	0.264960205078125	1.27756774902344	-1.18088396684839	0.3599697265625	0.0845509643554687	-0.631514658376711	0.224188842773438	1.089	-1.14789676134302	0.14816471862793	0.506274536132812	-1.10371987383081	0.421561706542969	0.38638525390625	-0.845082743093508	0.147090393066406	0.349046173095703	-1.14698764269068	0.434330749511719	0.701846557617188	-0.899073282644289	0.229793960571289	0.0365571823120117	-0.982433283254641	0.208515090942383	0.0395654792785645	-1.04065003030016	0.212290420532227	0.0682301559448242	-1.19789702837183	0.259058929443359	0.0364931716918945	-1.25682705156519	0.123500785827637	0.663582153320313	-1.05171659891321	0.332143249511719	0.0400275497436523	-0.894626795217532	0.532359191894531	0.946055358886719	-0.967678156301516	0.484246215820313	0.914880187988281	-0.953119524404543	-0.00100646889209747	0.950156188964844	-0.922983095571535	0.525361511230469	0.840132446289062	-0.910177256032961	0.0212027111053467	0.829573852539062	-0.839461893484133	0.191624282836914	1.73512902832031	-0.921895639822024	0.0571301612854004	0.918153686523438	-0.890736231252688	0.131733337402344	1.05184912109375	-0.964758501455324	0.376469268798828	0.0713591232299804	-0.68648002092554	0.269102569580078	1.28887438964844	-0.94272244493677	0.258566436767578	1.42102258300781	-0.963059435293215	0.393614379882813	1.05860314941406	-0.986878790304201	0.319722717285156	1.72838391113281	-0.916161997243899
89	0.88	0.536486633300781	1.18141394042969	-1.03659230834191	0.444629241943359	1.51751818847656	-1.0475339878196	0.0647645950317383	1.51231896972656	-1.04251908332055	0.494611968994141	1.37472241210938	-1.04987922269051	0.3314228515625	1.65239978027344	-1.05249506658261	-0.00992709827423096	1.24921801757813	-1.02941904097741	0.181131500244141	1.65987365722656	-1.05347494184916	0.248622741699219	1.55440771484375	-1.10571133643334	0.00325023102760315	0.893012023925781	-0.935728254615714	0.540771728515625	0.904148864746094	-1.00717690116112	-0.0258673133850098	1.15594470214844	-1.01175399619286	0.105535568237305	1.45337463378906	-1.13915023642724	0.374528869628906	0.0820090866088867	-0.80832866507714	0.415283721923828	0.542349548339844	-0.861802252113272	0.289993469238281	1.08982250976563	-1.15491628104394	0.264720672607422	1.27525756835937	-1.17940566092675	0.362105590820313	0.0953916244506836	-0.601586050331046	0.223571380615234	1.08647143554687	-1.14611466818993	0.148203948974609	0.505956665039063	-1.11002504569237	0.421092620849609	0.383766937255859	-0.836621343910147	0.147081146240234	0.349341735839844	-1.15516754752343	0.434109283447266	0.698484802246094	-0.900122991859366	0.229733795166016	0.0363236618041992	-0.99421016532128	0.208592590332031	0.0392121963500977	-1.05247973388379	0.212542510986328	0.0690522155761719	-1.20951836234276	0.259530853271484	0.0375283584594727	-1.26855795890038	0.123292640686035	0.662374694824219	-1.05534609991257	0.332177368164063	0.0344912719726562	-0.861469244300772	0.533065795898438	0.942923706054688	-0.968538366615225	0.485053100585938	0.911487182617188	-0.954224951087882	-0.000752985060214996	0.949180969238281	-0.917769857704093	0.526275268554688	0.836521057128906	-0.911847830116202	0.0218686256408691	0.829217468261719	-0.83349092704003	0.192296051025391	1.73275634765625	-0.920183233558585	0.0575516891479492	0.917389343261719	-0.885707617103507	0.131952667236328	1.04931311035156	-0.962569929420401	0.378265472412109	0.0796118927001953	-0.655962301551749	0.269394348144531	1.28642834472656	-0.941306402503897	0.258959228515625	1.4185556640625	-0.961500982582022	0.393797729492187	1.05660192871094	-0.985709173499991	0.320436798095703	1.72608825683594	-0.91446179801171
90	0.89	0.53675	1.17862280273438	-1.0360774709719	0.445068023681641	1.51482678222656	-1.04636415691551	0.0652549209594727	1.51024340820313	-1.0404146043795	0.494764282226562	1.37184777832031	-1.04899128170188	0.3319931640625	1.64972277832031	-1.05098654194053	-0.00995996379852295	1.24733447265625	-1.02611927242454	0.181715026855469	1.65741357421875	-1.05177970237907	0.248964736938477	1.55204638671875	-1.10409300441917	0.00335423707962036	0.891746337890625	-0.930268587304911	0.5416416015625	0.901185363769531	-1.00819611568626	-0.0259688930511475	1.15408459472656	-1.00792379589256	0.105796798706055	1.45103112792969	-1.1372520010012	0.374724609375	0.0820915756225586	-0.780053072168193	0.413792541503906	0.538517395019531	-0.862357927514872	0.289353546142578	1.08709411621094	-1.15338694973167	0.264659759521484	1.27271789550781	-1.17796416683372	0.363610717773438	0.107600044250488	-0.574034761621318	0.223010803222656	1.08382580566406	-1.14424728603538	0.148290069580078	0.505458251953125	-1.11573843593772	0.420579742431641	0.381424774169922	-0.829009264184794	0.147128814697266	0.349362121582031	-1.1628157522219	0.433915740966797	0.694505554199219	-0.902045763208232	0.229697845458984	0.0361746368408203	-1.00596915264305	0.208723724365234	0.0388099594116211	-1.06427961952861	0.21289892578125	0.0699556198120117	-1.2210696584719	0.259953125	0.0386748008728027	-1.28027328701194	0.122880760192871	0.661147399902344	-1.05867390270408	0.332337524414063	0.0312275791168213	-0.829909227563701	0.533807067871094	0.939615112304688	-0.969264436914286	0.485904449462891	0.907953796386719	-0.955232141687236	-0.000480184823274612	0.9480087890625	-0.912679308130107	0.527196899414063	0.832689147949219	-0.913457445337138	0.0225003547668457	0.828644653320313	-0.827686784936747	0.193027481079102	1.73027368164063	-0.918542848779521	0.0580096626281738	0.916321716308594	-0.880780946924052	0.132356094360352	1.04665063476563	-0.960299219323954	0.379567779541016	0.0892079772949218	-0.627660982324443	0.269705169677734	1.2838857421875	-0.939774606897196	0.259413452148438	1.41600109863281	-0.95990939541038	0.394218536376953	1.05460046386719	-0.98383655758079	0.321272857666016	1.72367590332031	-0.912801241113505
91	0.9	0.537050170898438	1.17559289550781	-1.03544946488547	0.445558868408203	1.51200109863281	-1.04516176423239	0.0658046951293945	1.50808642578125	-1.03830978974509	0.495050323486328	1.36888830566406	-1.04790009316611	0.332607177734375	1.64707836914062	-1.04950474557089	-0.00986125087738037	1.24534545898438	-1.02286642274069	0.182423446655273	1.6548330078125	-1.05010342034506	0.249431167602539	1.54951440429687	-1.10254657372641	0.00343668556213379	0.890423645019531	-0.92497190674948	0.542541381835937	0.898015380859375	-1.0091913281362	-0.0260037937164307	1.15216052246094	-1.00413570222067	0.106123588562012	1.44860668945313	-1.13537407502341	0.375011413574219	0.0831996917724609	-0.754042127696746	0.412448577880859	0.5347890625	-0.862391904918426	0.288905609130859	1.08414135742188	-1.15164008912253	0.2646240234375	1.27011865234375	-1.17634593018698	0.364403564453125	0.120418174743652	-0.549092756358855	0.222616821289063	1.08106396484375	-1.14245423707175	0.148350448608398	0.504903411865234	-1.12086672028708	0.420020538330078	0.379686370849609	-0.821653150645965	0.147202865600586	0.3494306640625	-1.1700223751943	0.433653869628906	0.690117858886719	-0.904480253307098	0.229664672851563	0.036056583404541	-1.01774763688254	0.208698059082031	0.0388062438964844	-1.07622076377081	0.213166625976562	0.0706867904663086	-1.23256887635397	0.260354583740234	0.0401171340942383	-1.29199358948874	0.122437301635742	0.659909423828125	-1.06174755677389	0.3327138671875	0.0299173851013183	-0.800727399913543	0.534590759277344	0.93615185546875	-0.96987914857077	0.486787658691406	0.904292785644531	-0.956154211131805	-0.000205190494656563	0.946683654785156	-0.907727888194793	0.528172607421875	0.828668151855469	-0.914994581310027	0.0230894107818604	0.827881774902344	-0.822071760265105	0.193871276855469	1.72773132324219	-0.916946287242644	0.0584544944763184	0.915097839355469	-0.875936964122527	0.132858367919922	1.04394104003906	-0.958001325694793	0.380327453613281	0.0997466583251953	-0.601942915050262	0.270046875	1.28126159667969	-0.938164365855926	0.259943084716797	1.41338073730469	-0.958281675426238	0.394458526611328	1.05202490234375	-0.982337667552703	0.322205108642578	1.72118896484375	-0.911180967418426
92	0.91	0.537376098632813	1.17238134765625	-1.0346709766213	0.446095581054687	1.50909057617188	-1.04393065450826	0.0663798294067383	1.50585607910156	-1.03620190618672	0.495332214355469	1.36579956054688	-1.04669056127706	0.333298400878906	1.64449645996094	-1.04795490453878	-0.00964409065246582	1.24328552246094	-1.01966344640889	0.183187850952148	1.65223718261719	-1.04843077276387	0.250015991210937	1.54692370605469	-1.10094983957448	0.00353051972389221	0.888993530273438	-0.919834787351276	0.543401184082031	0.894594909667969	-1.01023594854512	-0.0259845695495605	1.1502421875	-1.00039914892354	0.106513870239258	1.44612524414062	-1.13349791525045	0.375684387207031	0.0862886581420898	-0.730482660276081	0.411424133300781	0.5314765625	-0.861976343137409	0.288665466308594	1.08119995117188	-1.14974791525045	0.264575500488281	1.26758837890625	-1.1745383014504	0.36456982421875	0.132714920043945	-0.527160303098346	0.222416152954102	1.07834655761719	-1.14065993307271	0.148405242919922	0.504287658691406	-1.12555828283467	0.419283538818359	0.379319580078125	-0.813890527707721	0.147284240722656	0.349555297851563	-1.17695749853292	0.433656433105469	0.685574768066406	-0.906946298581745	0.22954460144043	0.0358284645080566	-1.02953895376363	0.208661148071289	0.0388152961730957	-1.08816978083291	0.213272964477539	0.07181884765625	-1.24392331884542	0.260746887207031	0.0418446655273438	-1.30370618627706	0.12204906463623	0.658660705566406	-1.06431103895345	0.333472747802734	0.0302483787536621	-0.774526178342487	0.535411071777344	0.932547424316406	-0.970421403867389	0.487687896728516	0.900484985351563	-0.95700611303487	7.6962411403656e-05	0.945268127441406	-0.902918451291705	0.529214050292969	0.824540100097656	-0.916448572141315	0.0236176662445068	0.826964782714844	-0.816663782102252	0.194781600952148	1.72518481445312	-0.915323587400104	0.0588434753417969	0.913794067382813	-0.871202875119831	0.133318542480469	1.04126794433594	-0.955719675046588	0.380599212646484	0.110341163635254	-0.579132348996784	0.270425750732422	1.27859130859375	-0.93648429296651	0.260540496826172	1.41073095703125	-0.956615426999713	0.394875122070313	1.04940222167969	-0.980515527707721	0.323165924072266	1.71868115234375	-0.909584329587604
93	0.92	0.537716918945312	1.16912609863281	-1.03372813975483	0.446693084716797	1.50615051269531	-1.04265531718403	0.0669705581665039	1.50358520507813	-1.03410430705219	0.49560888671875	1.36260852050781	-1.04547121226459	0.334086975097656	1.64188415527344	-1.04636105525166	-0.00932682323455811	1.24120361328125	-1.01650740611225	0.183921981811523	1.64973950195313	-1.04674093806416	0.250654800415039	1.54440393066406	-1.09928001725346	0.00367011570930481	0.887416687011719	-0.914889882918892	0.544162780761719	0.890900024414062	-1.01135246073872	-0.025890661239624	1.14836462402344	-0.99673226725727	0.106955307006836	1.44360815429688	-1.13158579051166	0.375961303710938	0.0898966369628906	-0.709992193099556	0.410599609375	0.528585144042969	-0.861210515853462	0.288722381591797	1.07840209960938	-1.14781121241718	0.264763061523437	1.26507983398437	-1.1726852167812	0.363776672363281	0.144410430908203	-0.508170232650337	0.222454208374023	1.075697265625	-1.13868856990009	0.148559265136719	0.503747894287109	-1.1297830771175	0.418265594482422	0.379867156982422	-0.805929754134712	0.147417037963867	0.349855987548828	-1.18363628184467	0.4348779296875	0.680833435058594	-0.909396444198188	0.229364685058594	0.0354609527587891	-1.04125959956318	0.208711120605469	0.0387163009643555	-1.10008236813217	0.213568389892578	0.0729209060668946	-1.25526132762104	0.261046569824219	0.0438857154846192	-1.31532726084858	0.121827445983887	0.657241943359375	-1.0662520388332	0.334305145263672	0.0314115943908691	-0.751719304915962	0.536265441894531	0.928844055175781	-0.970940618392524	0.48859912109375	0.896564270019531	-0.957766118880806	0.000378605008125305	0.943784118652344	-0.898280111190376	0.530314086914063	0.820407531738281	-0.917819555160102	0.0240629615783691	0.825921936035156	-0.811484807845649	0.195719833374023	1.72270263671875	-0.913690145370063	0.0591556816101074	0.912453857421875	-0.866579610702095	0.133620635986328	1.038701171875	-0.953447469588813	0.380433410644531	0.120086807250977	-0.559369329330024	0.270847778320312	1.27594677734375	-0.934680822249946	0.261194396972656	1.40812866210937	-0.95489934336811	0.395238891601563	1.0468857421875	-0.978246770736274	0.324166076660156	1.71619970703125	-0.907977025863227
94	0.93	0.538064147949219	1.16592443847656	-1.03260242630145	0.447381591796875	1.503240234375	-1.0413102204909	0.0676023254394531	1.50134973144531	-1.03203423477313	0.496035491943359	1.35962561035156	-1.0439384248366	0.334846099853516	1.63917150878906	-1.04501123214862	-0.00891497421264648	1.23916528320313	-1.0133936479201	0.184663314819336	1.64734936523438	-1.0450482270827	0.251317321777344	1.54193334960938	-1.0975397908797	0.00385732245445251	0.885736389160156	-0.910197236787288	0.544866760253906	0.88711962890625	-1.01242538620135	-0.0256736469268799	1.14651672363281	-0.993157037507503	0.107429679870605	1.44115490722656	-1.12960751320025	0.375862060546875	0.0932330245971679	-0.692707261811703	0.409874114990234	0.526162475585938	-0.859828752290218	0.289019165039062	1.07585852050781	-1.1458169934859	0.26507666015625	1.26254931640625	-1.17097699142596	0.362677886962891	0.154079193115234	-0.492459459077328	0.222773361206055	1.07302563476563	-1.1365403401961	0.148686614990234	0.503319030761719	-1.13339973617694	0.417429016113281	0.380607513427734	-0.798697801362484	0.147490524291992	0.350354156494141	-1.19007085586688	0.437386749267578	0.675894104003906	-0.911555909882992	0.229201217651367	0.0350323829650879	-1.05292123199603	0.208783981323242	0.0385254173278809	-1.11197586990496	0.213713714599609	0.0744112701416016	-1.26643792892596	0.261268798828125	0.0464279899597168	-1.32685711837909	0.12174683380127	0.655850219726563	-1.06762092758319	0.334732177734375	0.0326723594665527	-0.732515428315609	0.537176696777344	0.925148132324219	-0.971452195893734	0.489545837402344	0.892636474609375	-0.958372972260921	0.000700673282146454	0.942238708496094	-0.893852632295101	0.531484985351563	0.816322692871094	-0.919111634980648	0.0244070606231689	0.824784729003906	-0.806571489106624	0.196688217163086	1.72034020996094	-0.912065004121273	0.0594391899108887	0.911100646972656	-0.86210801864764	0.133759002685547	1.03625524902344	-0.951142274629085	0.379653015136719	0.128397583007812	-0.542940171967953	0.271321136474609	1.27342395019531	-0.932676942597835	0.261916015625	1.40563134765625	-0.95313047958514	0.395507141113281	1.04418872070313	-0.975968034516781	0.325236480712891	1.71382592773438	-0.906367006074398
95	0.94	0.538427368164063	1.16286022949219	-1.0312283379091	0.448194122314453	1.50041882324219	-1.03987942280901	0.0683226470947266	1.49922387695312	-1.03000604024065	0.496533050537109	1.356759765625	-1.04225549092424	0.335615386962891	1.63650805664062	-1.04389523854387	-0.0083874044418335	1.23722570800781	-1.01033057942522	0.185531143188477	1.64503039550781	-1.0433977028383	0.251956878662109	1.53967895507813	-1.09576598897112	0.00407184171676636	0.884056457519531	-0.905799512530686	0.545641723632812	0.88361962890625	-1.01323095479143	-0.0252846240997314	1.14468664550781	-0.98969054951799	0.107942184448242	1.43885217285156	-1.12758197274339	0.375135559082031	0.0957608108520508	-0.678893949176194	0.409283843994141	0.52418896484375	-0.857688169146896	0.28966748046875	1.07352319335937	-1.14352279057634	0.265354095458984	1.26011486816406	-1.16930494084489	0.361183166503906	0.16122607421875	-0.479787931109787	0.223328201293945	1.07039611816406	-1.13419496693742	0.148638732910156	0.502878509521484	-1.13638102212083	0.416992462158203	0.380968353271484	-0.792493955279709	0.147503311157227	0.350990478515625	-1.19615790333879	0.439357666015625	0.671512268066406	-0.912468198443772	0.229143905639648	0.0346611137390137	-1.06468695988786	0.208723892211914	0.038301944732666	-1.12374456038606	0.213723983764648	0.076499137878418	-1.27754650654924	0.261440093994141	0.0494375991821289	-1.33839399495256	0.121684020996094	0.6546044921875	-1.06854755177629	0.334219116210938	0.0338654823303222	-0.717236142779709	0.538196166992188	0.921619934082031	-0.971888532306076	0.490575439453125	0.888830444335937	-0.95876086201799	0.00103802120685577	0.940672485351563	-0.889658139850022	0.532757202148437	0.812296936035156	-0.920332868243576	0.0246448631286621	0.823589233398437	-0.8019638344301	0.197740936279297	1.71815393066406	-0.9104638344301	0.0597330284118652	0.909673767089844	-0.857865323687912	0.133804168701172	1.03392150878906	-0.948755506183029	0.378419647216797	0.134810028076172	-0.529819669391037	0.271849212646484	1.27111437988281	-0.930476545001389	0.262704467773437	1.40327124023437	-0.951311750079514	0.395621704101562	1.04138708496094	-0.973487317706467	0.326403015136719	1.71164245605469	-0.904782239581467
96	0.95	0.538736511230469	1.15997680664063	-1.02962890009049	0.449135131835938	1.49773291015625	-1.03838517908219	0.0691583862304688	1.49726184082031	-1.02799877313736	0.497049591064453	1.3539482421875	-1.04068390039566	0.336599914550781	1.6343046875	-1.04250377802018	-0.00772220087051392	1.23542248535156	-1.00733315424088	0.186587509155273	1.6428203125	-1.04179265741471	0.252777359008789	1.53748205566406	-1.0940613608754	0.0043049840927124	0.882483520507813	-0.901710488835606	0.546543701171875	0.880535522460937	-1.01373439935807	-0.0247040939331055	1.14290881347656	-0.986344415227208	0.108512809753418	1.43676025390625	-1.12553774026993	0.373684173583984	0.0971275939941406	-0.66860022882584	0.409010009765625	0.522603820800781	-0.854456643620762	0.290431243896484	1.071431640625	-1.14110268310669	0.265722839355469	1.25780603027344	-1.16727640108231	0.359538146972656	0.165513046264648	-0.470229318181309	0.224094818115234	1.06801306152344	-1.13161658147934	0.148488739013672	0.50241552734375	-1.13876303801897	0.416330352783203	0.380394805908203	-0.7873222442067	0.147569885253906	0.351707702636719	-1.20164043573502	0.439682739257812	0.668614196777344	-0.911003823796544	0.229201889038086	0.0343507804870605	-1.07656849435929	0.208684539794922	0.0380508842468262	-1.1354943244851	0.213469360351562	0.0788876419067383	-1.28859841302994	0.261418670654297	0.0529684295654297	-1.34987116388443	0.121488494873047	0.65345458984375	-1.06895845178727	0.332511413574219	0.034715633392334	-0.705787484685215	0.539353454589844	0.918431945800781	-0.97207924799088	0.491709594726563	0.885235778808594	-0.958928445378575	0.00139002883434296	0.939155883789063	-0.885710671941075	0.534146850585937	0.808347290039062	-0.921500054875645	0.0247894916534424	0.822376098632812	-0.7976865020192	0.198888366699219	1.71617883300781	-0.908906320134434	0.0600931434631348	0.908138854980469	-0.853898324528965	0.133813873291016	1.03169860839844	-0.946263085881504	0.376879913330078	0.138462539672852	-0.519722543278965	0.272438842773437	1.26903137207031	-0.928259423772129	0.263559661865234	1.40108349609375	-0.949430902043614	0.395842895507812	1.03897497558594	-0.970579125920567	0.327638580322266	1.70971105957031	-0.903200540105137
97	0.96	0.538927917480469	1.15722668457031	-1.02789126341933	0.450172393798828	1.49522241210938	-1.03688515990371	0.070100715637207	1.49549157714844	-1.02597863524551	0.497577758789063	1.35120935058594	-1.0391594442665	0.338160278320312	1.63304443359375	-1.04013415282363	-0.00691780519485474	1.23378967285156	-1.00441849272842	0.187770523071289	1.64084875488281	-1.04020149748916	0.253856796264648	1.53530969238281	-1.09239696639175	0.00455957508087158	0.881080017089844	-0.897929082328026	0.5475068359375	0.877743591308594	-1.01409731047744	-0.0239607124328613	1.14126733398438	-0.983118413382714	0.109252685546875	1.43481225585937	-1.12348866980666	0.371937591552734	0.0973921813964844	-0.661777699881737	0.408787445068359	0.521090881347656	-0.850367207938378	0.290998901367187	1.06961401367188	-1.13877769129867	0.266310119628906	1.25555847167969	-1.16484012740249	0.357708648681641	0.166957321166992	-0.4637177633583	0.224912200927734	1.06598559570313	-1.12902637045974	0.148211883544922	0.502074798583984	-1.14043708747024	0.415242248535156	0.379106201171875	-0.782960561209862	0.147444122314453	0.352621368408203	-1.20642728560561	0.438976013183594	0.667627807617188	-0.90663980620498	0.229235610961914	0.0341265716552734	-1.08848306792373	0.208649078369141	0.0378743438720703	-1.1473634418785	0.212990859985352	0.0814296875	-1.29923039763564	0.2609658203125	0.0570117492675781	-1.36130345671767	0.121297981262207	0.652423828125	-1.06891306059951	0.330176422119141	0.0346494369506836	-0.698386678153222	0.540591064453125	0.915704223632813	-0.971845021659081	0.492906005859375	0.881867858886719	-0.958982457572167	0.00175949847698212	0.937749145507813	-0.882025624686425	0.535625122070313	0.804523681640625	-0.92261928313369	0.0248671760559082	0.821187255859375	-0.793755208426659	0.200110153198242	1.71442138671875	-0.907393956595604	0.0604678688049316	0.906589965820312	-0.850161641532128	0.133812896728516	1.02958679199219	-0.943673238211815	0.375056213378906	0.139431976318359	-0.513015859061425	0.273107727050781	1.26715441894531	-0.92618422453994	0.264486999511719	1.39914367675781	-0.947462407523339	0.395990997314453	1.03646496582031	-0.967901082450097	0.328958923339844	1.70802307128906	-0.901590550833886
98	0.97	0.539022644042969	1.15458666992187	-1.02607969791517	0.451280120849609	1.49293774414063	-1.03541356021986	0.0711295394897461	1.4939287109375	-1.02392515689955	0.498143859863281	1.3487119140625	-1.03756463749037	0.338160278320312	1.63304443359375	-1.0521116116725	-0.00598591423034668	1.23235388183594	-1.00160621769056	0.189000152587891	1.63920190429688	-1.03859750492201	0.254916778564453	1.53344384765625	-1.09066844303236	0.00481992101669312	0.879860412597656	-0.894463685341931	0.548450805664062	0.875116149902344	-1.01442945987806	-0.0231077365875244	1.13984887695312	-0.980009263344861	0.110210342407227	1.432939453125	-1.121434148141	0.369800537109375	0.0958637542724609	-0.658603852578259	0.407980316162109	0.519791931152344	-0.845829804726697	0.291469207763672	1.06801599121094	-1.13625204784498	0.267108123779297	1.25343176269531	-1.16223550287709	0.355374359130859	0.165483947753906	-0.460049043007947	0.225687789916992	1.06408544921875	-1.12637993747816	0.147812637329102	0.5017705078125	-1.14130478031263	0.413946228027344	0.376972320556641	-0.779584718056775	0.147034286499023	0.353518157958984	-1.21051627857313	0.437898162841797	0.668151306152344	-0.90040249759779	0.229314895629883	0.0338717041015625	-1.10045630390272	0.208570709228516	0.0377508316040039	-1.15926682121382	0.212230056762695	0.0843511505126953	-1.30984546024428	0.260042755126953	0.0616791687011719	-1.37256558353529	0.121178321838379	0.651439453125	-1.06841928989515	0.327994476318359	0.0332208633422851	-0.695162446328259	0.541774353027344	0.913408569335938	-0.971250016518689	0.494086273193359	0.878678466796875	-0.959085267373181	0.00213906049728394	0.936460021972656	-0.878620911904431	0.537133056640625	0.800904541015625	-0.923672562905408	0.0248993511199951	0.820056213378906	-0.790180787392712	0.201423721313477	1.71289294433594	-0.905903138466931	0.0607758445739746	0.905155090332031	-0.846662385293103	0.133818740844727	1.02758801269531	-0.940988389321423	0.372757781982422	0.137887420654297	-0.509592194863416	0.273885192871094	1.26552868652344	-0.924067246743298	0.265463806152344	1.39752124023438	-0.945406297036267	0.396122650146484	1.03448059082031	-0.965243531533337	0.330389099121094	1.70655090332031	-0.899956452675915
99	0.98	0.539081176757813	1.15215515136719	-1.02422131081677	0.452459594726562	1.49093237304688	-1.03395538064099	0.0722341156005859	1.49258459472656	-1.02183552285291	0.498827728271484	1.34661193847656	-1.03575632973767	0.338160278320312	1.63304443359375	-1.06408907052136	-0.00495473432540894	1.23113134765625	-0.998909207545289	0.190236877441406	1.63785009765625	-1.03697814675427	0.256013244628906	1.53181396484375	-1.08890687295056	0.00506953763961792	0.878792785644531	-0.891323193751344	0.549332214355469	0.872664123535156	-1.01472297402478	-0.0221833190917969	1.13869750976563	-0.977026440821656	0.111287269592285	1.43123779296875	-1.11932893487073	0.367807464599609	0.0931557540893554	-0.658696850977906	0.406936614990234	0.519400939941406	-0.840717480860719	0.291992492675781	1.06659753417969	-1.13328144951917	0.267927978515625	1.25145092773438	-1.15966256638623	0.352407196044922	0.160551422119141	-0.459497693263063	0.226456619262695	1.06226000976562	-1.12346143075086	0.147384353637695	0.501262847900391	-1.14141982003308	0.412812103271484	0.374993804931641	-0.776558209620484	0.14640559387207	0.354344848632813	-1.21384143944837	0.436696807861328	0.669295837402344	-0.893557934962281	0.229411315917969	0.0336288757324219	-1.11248919793225	0.208481842041016	0.037651741027832	-1.17112397452451	0.211005004882813	0.0877550277709961	-1.32023925515271	0.258875518798828	0.0668643264770508	-1.38357603188611	0.121003326416016	0.650308349609375	-1.06741998787976	0.326230407714844	0.0307380657196045	-0.696063519679078	0.54278369140625	0.911361022949219	-0.970689313136109	0.495209136962891	0.875655395507813	-0.95927166482068	0.00252855610847473	0.935288208007813	-0.875504956446656	0.53862451171875	0.797577941894531	-0.92462191506482	0.0248961601257324	0.81900244140625	-0.786969372950562	0.202816787719727	1.71165270996094	-0.904420758448609	0.0610503768920898	0.9038935546875	-0.843440777979859	0.133862014770508	1.02573425292969	-0.938160428248414	0.369993865966797	0.13391227722168	-0.509311230860719	0.274803375244141	1.26418884277344	-0.921714245997437	0.266511108398438	1.39622473144531	-0.943261304102906	0.396565216064453	1.03355883789063	-0.96157113381482	0.331893157958984	1.70532165527344	-0.898350690089234
100	0.99	0.539213562011719	1.15005151367187	-1.02229715833751	0.453715545654297	1.48923193359375	-1.03249233350841	0.0734332275390625	1.49147143554688	-1.01971936903087	0.499542907714844	1.34458178710938	-1.0340853968629	0.338160278320312	1.63304443359375	-1.07606652937023	-0.00385017108917236	1.23012585449219	-0.996336175061147	0.191484619140625	1.63676000976562	-1.03535987196056	0.257229705810547	1.53036340332031	-1.08712562666027	0.00532780981063843	0.877837341308594	-0.888517296887319	0.550141723632813	0.870491271972656	-1.01491643629162	-0.0212000522613525	1.13781237792969	-0.974194726086538	0.11238956451416	1.42977587890625	-1.1171350718507	0.365784240722656	0.0891239929199218	-0.661980279065053	0.406450592041016	0.520083374023438	-0.834867333508413	0.292675933837891	1.06525366210938	-1.12995903883068	0.268516418457031	1.24980334472656	-1.1570930758485	0.348926361083984	0.153625106811523	-0.461818047619741	0.22719157409668	1.06065051269531	-1.1201551600465	0.146829895019531	0.500629913330078	-1.14089862547008	0.412277008056641	0.373857879638672	-0.773216546154897	0.145572021484375	0.355362365722656	-1.21641396055309	0.435443176269531	0.670588562011719	-0.886547021008413	0.229442276000977	0.0335171279907227	-1.12456800184337	0.208393493652344	0.0375798416137695	-1.18296884522526	0.209396011352539	0.0917137985229492	-1.33028508863537	0.257409027099609	0.0726308364868164	-1.39433039198009	0.12094856262207	0.649103759765625	-1.06599378309337	0.324613983154297	0.0271204452514648	-0.70039879713146	0.543593200683594	0.909452941894531	-0.970425576306264	0.496292999267578	0.872876220703125	-0.959376992321889	0.00294945383071899	0.934266052246094	-0.872680474377553	0.54009326171875	0.794630554199219	-0.925386315442007	0.0248697776794434	0.81802880859375	-0.784123711682241	0.204264541625977	1.71069128417969	-0.902932824231069	0.0613640937805176	0.90276220703125	-0.840543877697866	0.133955795288086	1.02410437011719	-0.935111672497671	0.366860443115234	0.127583717346191	-0.512019768811147	0.275878448486328	1.263154296875	-0.919100213147085	0.267681396484375	1.39521264648438	-0.941016564465444	0.396827819824219	1.03215698242188	-0.95826110181896	0.333425476074219	1.70436669921875	-0.896794488049428
101	1	0.539515625	1.14834008789062	-1.02024800585826	0.455044799804687	1.48780456542969	-1.03100937365611	0.0747503967285156	1.49057678222656	-1.0175940599354	0.500319793701172	1.34280529785156	-1.03238394641001	0.338160278320312	1.63304443359375	-1.08804398821909	-0.00268693351745605	1.22932763671875	-0.993889805785013	0.192862457275391	1.63583605957031	-1.03378354357798	0.258505981445313	1.52900280761719	-1.08533718585093	0.00562137603759766	0.877006591796875	-0.886046360960794	0.55089404296875	0.86870751953125	-1.01494553088267	-0.0201588954925537	1.13715515136719	-0.971537343016458	0.113550231933594	1.42850073242188	-1.11486759661753	0.36382275390625	0.0842173156738281	-0.668025547972513	0.406200592041016	0.520448669433594	-0.828912297240091	0.293399017333984	1.06390856933594	-1.1263672227772	0.269302368164062	1.24817602539063	-1.1541318712147	0.344901794433594	0.144069580078125	-0.466787083617044	0.227835433959961	1.05938391113281	-1.11654712390025	0.146023529052734	0.500088684082031	-1.1397358064564	0.411457763671875	0.372663482666016	-0.770403172484232	0.144656616210938	0.356500915527344	-1.21841773890574	0.434171112060547	0.67184375	-0.879609776488138	0.229460739135742	0.0334537811279297	-1.13668008898814	0.208267593383789	0.0375004348754883	-1.19480122064669	0.207800445556641	0.0962622222900391	-1.33999757861216	0.255659317016602	0.079352409362793	-1.40471822070201	0.120892158508301	0.648235656738281	-1.06406970690806	0.323063995361328	0.023109239578247	-0.708249943724466	0.544254028320313	0.907726867675781	-0.970398686400247	0.497344512939453	0.870384155273437	-0.959259358397318	0.00340556025505066	0.933435485839844	-0.870145817747903	0.541560363769531	0.792119018554687	-0.925866520872903	0.0248470039367676	0.81712890625	-0.781636448851419	0.205792266845703	1.70993347167969	-0.901468174925638	0.0616869430541992	0.901741577148438	-0.837976017943216	0.134107421875	1.02272631835938	-0.931838597288919	0.363225708007813	0.119504959106445	-0.51749954699595	0.277086761474609	1.2624443359375	-0.916270146361185	0.268991760253906	1.39445581054687	-0.938684697142435	0.39707275390625	1.03135546875	-0.954783192625833	0.335021362304687	1.70366613769531	-0.895173649779153
102	1.01	0.539964782714844	1.14690283203125	-1.01815417564462	0.456450012207031	1.48659228515625	-1.02946301353525	0.0761725082397461	1.4898642578125	-1.01550309837411	0.501288665771484	1.34138269042969	-1.03057519615243	0.338160278320312	1.63304443359375	-1.10002144706796	-0.00147669553756714	1.22873107910156	-0.991562851792082	0.194464340209961	1.6349912109375	-1.03228326500009	0.25982958984375	1.52781994628906	-1.08354910362314	0.00593952083587646	0.876350280761719	-0.883878861313566	0.551598510742187	0.867340454101562	-1.01477510154794	-0.0190758113861084	1.13667761230469	-0.969061722641691	0.114835968017578	1.42730993652344	-1.11256400383066	0.361661468505859	0.0783675537109375	-0.676805741196379	0.406163787841797	0.520152648925781	-0.82335780418466	0.294196014404297	1.06265893554687	-1.12248231590341	0.270516357421875	1.2463876953125	-1.15077262199472	0.340392395019531	0.133170227050781	-0.474041581040129	0.228367630004883	1.05851806640625	-1.11276612175058	0.144988967895508	0.499704681396484	-1.13789059532236	0.410422485351563	0.370708068847656	-0.768785874253019	0.143693298339844	0.357959289550781	-1.22002912986825	0.43294677734375	0.672448181152344	-0.872968186264738	0.229491806030273	0.0333749580383301	-1.14876344764779	0.208108535766602	0.037423942565918	-1.2065830313022	0.206246505737305	0.101215950012207	-1.34935472190927	0.254188354492188	0.0868124389648438	-1.41454928672861	0.120598236083984	0.647599609375	-1.06167060936044	0.322362243652344	0.0198956699371338	-0.720611954575285	0.544830749511719	0.906260314941406	-0.9703955544288	0.498346313476562	0.868153991699219	-0.958892899399504	0.00387313413619995	0.932802612304688	-0.867885941391691	0.543024719238281	0.790035827636719	-0.92602723777841	0.0248591003417969	0.8162861328125	-0.779486435776457	0.207427886962891	1.70933178710937	-0.9000615700538	0.061966667175293	0.900908569335938	-0.835693589096769	0.134308059692383	1.02156420898438	-0.92837587059091	0.359127746582031	0.110258560180664	-0.525671097641691	0.278358825683594	1.26204321289062	-0.913251603012785	0.270412719726563	1.39393054199219	-0.936302018051847	0.397500762939453	1.03093505859375	-0.95050346458505	0.336757507324219	1.70318127441406	-0.893571610337003
103	1.02	0.5405146484375	1.14555261230469	-1.01614649655403	0.457951080322266	1.48556274414062	-1.02779197384896	0.0776530303955078	1.48932763671875	-1.01351510312142	0.502464538574219	1.34021350097656	-1.02874493100228	0.338160278320312	1.63304443359375	-1.11199890591683	-0.000229728981852531	1.22835070800781	-0.989348095675127	0.196205551147461	1.63430383300781	-1.03082664181771	0.261317291259766	1.52665393066406	-1.08189483334603	0.00624580001831055	0.8758857421875	-0.88197207333626	0.552233642578125	0.866306640625	-1.01439983822884	-0.0179712371826172	1.1363564453125	-0.966768276949541	0.116200622558594	1.42623620605469	-1.11027211453499	0.359700805664062	0.0733107833862304	-0.687913326998369	0.406372802734375	0.519140563964844	-0.818214779635088	0.295191345214844	1.06155151367187	-1.11826795651497	0.271816253662109	1.24470458984375	-1.14729597165169	0.335014770507813	0.120792411804199	-0.481860958834307	0.228922592163086	1.05789709472656	-1.10880973507942	0.143812515258789	0.499350280761719	-1.13536580349983	0.409436431884766	0.367450866699219	-0.768769833346026	0.142570190429687	0.359674285888672	-1.22121161886038	0.431580688476563	0.672105712890625	-0.866553250094073	0.229475448608398	0.0333301391601562	-1.16079208066048	0.207914459228516	0.0373301734924316	-1.21830957724632	0.204670684814453	0.106628051757813	-1.35820783688606	0.252954742431641	0.0950535736083985	-1.42367655636849	0.12023957824707	0.646773315429688	-1.05875997616829	0.321999053955078	0.0186301860809326	-0.734237515230791	0.545359619140625	0.905066650390625	-0.970233654757159	0.499292297363281	0.866169494628906	-0.958292691012041	0.00431742811203003	0.9323154296875	-0.865874783297198	0.544419128417969	0.788241638183594	-0.925979428072588	0.024918815612793	0.815488830566406	-0.777654385347979	0.2091123046875	1.70887890625	-0.898684078951494	0.0622581214904785	0.900186584472656	-0.833634091158526	0.134540573120117	1.02055944824219	-0.924732846041338	0.354803497314453	0.0991507263183593	-0.534276852388994	0.279615447998047	1.26194262695313	-0.910038052340166	0.271892669677734	1.39363024902344	-0.933890133638994	0.398127349853516	1.03072888183594	-0.945331845064776	0.338607513427734	1.70283117675781	-0.892122982760088
104	1.03	0.541225952148437	1.14427124023438	-1.01419637361579	0.459565063476563	1.48473974609375	-1.02597367158942	0.0791340942382813	1.48903662109375	-1.01168836275153	0.503813018798828	1.3392109375	-1.02680960908942	0.338160278320312	1.63304443359375	-1.12397636476569	0.00106072604656219	1.22821496582031	-0.987252113972235	0.197959350585937	1.63398571777344	-1.02934000459724	0.262969970703125	1.52572009277344	-1.08050261751227	0.00650581359863281	0.875591186523437	-0.880318855915595	0.552822570800781	0.865463745117187	-1.01381668916755	-0.0168360176086426	1.13621057128906	-0.964656593952704	0.117613777160645	1.42548559570312	-1.10810217348151	0.358760192871094	0.0719585723876953	-0.697405861530829	0.406487091064453	0.517683654785156	-0.813777962360907	0.296099151611328	1.0606748046875	-1.11380334535651	0.273287261962891	1.24343347167969	-1.14378015962653	0.328436889648437	0.10639111328125	-0.484605812702704	0.229849853515625	1.05725415039062	-1.10462410799079	0.142616577148438	0.498891540527344	-1.13206504884772	0.407365661621094	0.363677185058594	-0.77016642061286	0.141340728759766	0.361480224609375	-1.22170921674781	0.430081573486328	0.671395629882813	-0.860709572468329	0.229405532836914	0.0333043823242187	-1.17279668870978	0.20773974609375	0.0371993446350098	-1.22999469438605	0.203054840087891	0.112547752380371	-1.3664664541822	0.251867904663086	0.104011512756348	-1.43190912691169	0.119860763549805	0.645849792480469	-1.05511846223884	0.322223541259766	0.0209072284698486	-0.744424507771063	0.545874206542969	0.904099670410156	-0.969826454792548	0.500174163818359	0.864444763183594	-0.957490120564032	0.00473375558853149	0.931911865234375	-0.864087105427313	0.545646545410156	0.786530151367188	-0.925900429401923	0.0250018119812012	0.814775573730469	-0.776148659382391	0.210839050292969	1.70873498535156	-0.89729581514411	0.0625910377502441	0.899475036621094	-0.831780708942938	0.134792373657227	1.01971899414063	-0.920936134968329	0.351715637207031	0.0885678482055664	-0.539402077351141	0.280816772460938	1.26223693847656	-0.906630806599188	0.273381286621094	1.39364453125	-0.931452644978094	0.398696380615234	1.0310908203125	-0.939761910114813	0.340484954833984	1.70270385742188	-0.890732979450751
105	1.04	0.542154357910156	1.14324182128906	-1.01216457037969	0.461273895263672	1.48420092773438	-1.02405518012091	0.0805743637084961	1.48912719726563	-1.01003148322149	0.505068695068359	1.33841687011719	-1.02487596564337	0.338160278320312	1.63304443359375	-1.13595382361456	0.00241356444358826	1.22838110351563	-0.985288929510554	0.199682235717773	1.63431213378906	-1.02777313666387	0.264758178710937	1.5255458984375	-1.07904254584356	0.00673411083221436	0.875462036132812	-0.878951557684382	0.55344091796875	0.864754211425781	-1.01303302435919	-0.0156240406036377	1.13632800292969	-0.96271706061407	0.119190093994141	1.42530261230469	-1.10618973212286	0.359724304199219	0.0740900344848633	-0.700277973700007	0.406296661376953	0.516877075195313	-0.811295795965632	0.296937316894531	1.06069641113281	-1.10922909979864	0.274969604492187	1.24293139648438	-1.14027795081182	0.330488372802734	0.0977027740478515	-0.487349567938288	0.230957611083984	1.05681103515625	-1.10024074225469	0.141586669921875	0.498402587890625	-1.12768397955938	0.404623413085938	0.360695526123047	-0.77236809210821	0.140275588989258	0.363405120849609	-1.22129506163641	0.428931915283203	0.671302307128906	-0.856604389715632	0.229325317382813	0.0333062782287598	-1.18485355429693	0.207519287109375	0.037119270324707	-1.24149629311605	0.201278625488281	0.119438789367676	-1.37379340033575	0.250612106323242	0.114091682434082	-1.43893240790411	0.119493362426758	0.644796081542969	-1.05067931036993	0.323422393798828	0.0250743560791015	-0.751258869696101	0.546413513183594	0.903349243164063	-0.969170063543757	0.500973449707031	0.863027709960937	-0.956546192694148	0.00513854837417603	0.931630004882813	-0.862529133367976	0.54665771484375	0.784909362792969	-0.925818653631648	0.0250491161346436	0.814253723144531	-0.775011127996882	0.21265869140625	1.70923205566406	-0.895889515448054	0.0628671836853027	0.898851501464844	-0.830213398504695	0.13504411315918	1.01919146728516	-0.917072224188288	0.351392211914063	0.0823047714233398	-0.542356403875788	0.281946472167969	1.26309887695313	-0.903125660467585	0.274838500976562	1.39415686035156	-0.929017750311335	0.399403747558594	1.03110266113281	-0.934525288153132	0.342359069824219	1.70316931152344	-0.889241779852351
106	1.05	0.543193786621094	1.14269567871094	-1.01000935405766	0.463009094238281	1.48407421875	-1.02212995952641	0.0819673385620117	1.48975732421875	-1.00849009746587	0.506261138916016	1.33796801757813	-1.02282812541997	0.338160278320312	1.63304443359375	-1.14793128246342	0.00384750270843506	1.22898828125	-0.983473358574264	0.201417831420898	1.63542150878906	-1.026166809502	0.266736022949219	1.52626013183594	-1.0770528263477	0.00698758745193481	0.875594055175781	-0.877940613212935	0.554113952636719	0.86429638671875	-1.01207048076665	-0.0142810325622559	1.13687329101562	-0.960926453056685	0.12105736541748	1.42575598144531	-1.1045543674854	0.361144989013672	0.0746170578002929	-0.701277710380904	0.406707794189453	0.518022033691406	-0.811308929863326	0.29794384765625	1.0620087890625	-1.10493363994633	0.276181091308594	1.24345983886719	-1.13705516857182	0.328407897949219	0.0915509643554687	-0.491051208916061	0.231760589599609	1.05722534179688	-1.0961266331104	0.140776123046875	0.498014465332031	-1.12188504070317	0.404996978759766	0.360858428955078	-0.772795227470748	0.139243423461914	0.365997802734375	-1.21981604808842	0.428941711425781	0.672191162109375	-0.854670990410201	0.229264266967773	0.0333094863891601	-1.19686389965092	0.207318969726562	0.0371481590270996	-1.25266469615971	0.199174133300781	0.12742455291748	-1.37972760814702	0.248826843261719	0.125786026000977	-1.44434431499516	0.11922038269043	0.643941589355469	-1.04521258586919	0.325199127197266	0.028126989364624	-0.75805999797856	0.546984313964844	0.902914001464844	-0.968293579521529	0.501683013916016	0.862048461914062	-0.955499359550826	0.00556469917297363	0.931653076171875	-0.86126980632817	0.547470092773438	0.783666076660156	-0.925602234306686	0.0249993286132812	0.814069946289062	-0.774298462334029	0.214539367675781	1.7105673828125	-0.894491241875045	0.0630800895690918	0.898512329101563	-0.82901394695317	0.135316070556641	1.01919409179687	-0.913272003593795	0.351041931152344	0.0773568267822265	-0.546379517021529	0.282982360839844	1.26461413574219	-0.899720642509811	0.276237213134766	1.39533764648437	-0.926648956718795	0.399978485107422	1.03182421875	-0.929349579277389	0.344258972167969	1.70447094726562	-0.887703094902389
107	1.06	0.544122192382813	1.14279528808594	-1.00775681717899	0.464670745849609	1.48448046875	-1.02028269608524	0.0833407135009766	1.491029296875	-1.00698600419071	0.507306030273437	1.33817260742187	-1.02044189103153	0.338160278320312	1.63304443359375	-1.15990874131229	0.00537531709671021	1.23018786621094	-0.981785015421176	0.20323844909668	1.63715942382813	-1.02461164505985	0.268654907226562	1.52770837402344	-1.07483051713016	0.00731818866729736	0.876180114746094	-0.877377636270786	0.554792053222656	0.864333068847656	-1.01089789994266	-0.012778567314148	1.13799291992188	-0.959260265665317	0.123102684020996	1.42674182128906	-1.1030568812659	0.362252838134766	0.0724936294555664	-0.707372173624301	0.408163818359375	0.520763061523438	-0.81134794266727	0.298726654052734	1.06402783203125	-1.10130169327762	0.2769814453125	1.24443359375	-1.13397364457157	0.325671722412109	0.0814784469604492	-0.498196148233676	0.232252410888672	1.05879125976563	-1.09244617875125	0.139811050415039	0.497855651855469	-1.11429140885379	0.408113250732422	0.364448059082031	-0.770033306436801	0.137782424926758	0.369319854736328	-1.21671943696048	0.429939392089844	0.673354187011719	-0.853557354288364	0.22924430847168	0.0333344612121582	-1.20875906403568	0.207215255737305	0.0373102264404297	-1.26360916026142	0.197004638671875	0.136284332275391	-1.38395886643436	0.24706787109375	0.138661315917969	-1.44775420792606	0.119062644958496	0.643349609375	-1.03869553788211	0.326561248779297	0.0293954677581787	-0.767864452677036	0.547556762695313	0.902972900390625	-0.967192455606723	0.502329498291016	0.86169189453125	-0.954308330850864	0.00605853652954102	0.932209594726563	-0.860407360391879	0.548157165527344	0.783114990234375	-0.925080913858676	0.0248186054229736	0.814336059570313	-0.774052593546176	0.216438491821289	1.71252673339844	-0.893120525675082	0.0633270225524902	0.898674682617188	-0.828187511759067	0.135665237426758	1.01982696533203	-0.909647198038364	0.349684356689453	0.070117202758789	-0.553653362589145	0.283925567626953	1.26668225097656	-0.896582104044223	0.277549560546875	1.39717370605469	-0.92438666947391	0.400181762695313	1.0340751953125	-0.924413524942661	0.346038879394531	1.7062265625	-0.88640263016727
108	1.07	0.544822814941406	1.14360571289062	-1.00535756704348	0.466184967041016	1.48546875	-1.018510307522	0.0847284774780274	1.4929248046875	-1.00546846792239	0.508210083007813	1.33920812988281	-1.01779268667239	0.338160278320312	1.63304443359375	-1.17188620016116	0.00699175548553467	1.23202380371094	-0.980162590236839	0.205173538208008	1.63922143554688	-1.02314058706301	0.270361694335937	1.529234375	-1.0728234941675	0.00771939659118652	0.877396545410156	-0.877312034816917	0.555423767089844	0.865060729980469	-1.0094405443384	-0.0111520776748657	1.13975512695312	-0.957713737697776	0.124978492736816	1.42819995117188	-1.10147652456301	0.362914855957031	0.0709864501953125	-0.719177635402855	0.410285766601563	0.523727905273437	-0.808881035061058	0.299246734619141	1.06588854980469	-1.09777068349856	0.277921020507813	1.24538891601563	-1.13073510000246	0.325519226074219	0.0712154083251953	-0.508292076320823	0.23260563659668	1.06073913574219	-1.08896247121828	0.138131301879883	0.497976959228516	-1.10474915334719	0.410741271972656	0.369259094238281	-0.765850609035667	0.135818328857422	0.372929321289063	-1.21153228780764	0.431583282470703	0.674966918945312	-0.85167119619387	0.229257766723633	0.033393424987793	-1.22087688467043	0.207478042602539	0.0375272178649902	-1.27449457332629	0.195074462890625	0.145692733764648	-1.38646031209963	0.246000854492188	0.152453979492188	-1.44897608205813	0.118792106628418	0.642958862304687	-1.0311280443384	0.327362915039063	0.0300706100463867	-0.779733299465354	0.548103637695313	0.903668823242188	-0.965820945949729	0.502962860107422	0.862079833984375	-0.952878654689964	0.00661800003051758	0.933413635253906	-0.859983879299339	0.548791259765625	0.783364196777344	-0.924157097072776	0.0245143642425537	0.815063781738281	-0.774273460598167	0.218353164672852	1.71474365234375	-0.891777610988792	0.0635663795471191	0.899572692871094	-0.827706382961448	0.136151763916016	1.02100415039063	-0.906257072658714	0.348914367675781	0.0627800598144531	-0.564358665676292	0.284812377929687	1.26908520507812	-0.893723076076683	0.278784606933594	1.39943664550781	-0.922216850490745	0.400348968505859	1.03665405273438	-0.920248253078636	0.347400756835938	1.70773364257813	-0.885695549221214
109	1.08	0.545322814941406	1.14504125976562	-1.00271081934938	0.467527282714844	1.486974609375	-1.01673685084352	0.0861242294311523	1.4953037109375	-1.00392511378297	0.509061767578125	1.34070129394531	-1.01527634058961	0.338160278320312	1.63304443359375	-1.18386365901002	0.00865948486328125	1.23439440917969	-0.978568058118908	0.207153213500977	1.64140197753906	-1.02174213038453	0.271828979492187	1.53078588867188	-1.07114352808961	0.00815734958648682	0.879229797363281	-0.877684543714611	0.556018493652344	0.866486083984375	-1.00764755640992	-0.00950038528442383	1.14211828613281	-0.956312473402111	0.126431716918945	1.43007275390625	-1.09968571864137	0.363166900634766	0.0707484283447265	-0.731740604505626	0.412675415039063	0.5263212890625	-0.804624027357189	0.299738128662109	1.06770471191406	-1.0943547555066	0.278819152832031	1.24640563964844	-1.12756177149781	0.32422412109375	0.063965030670166	-0.51787189112672	0.2327998046875	1.06235607910156	-1.08547424708375	0.135789047241211	0.498046356201172	-1.09355438624391	0.412309020996094	0.372687652587891	-0.763594181165783	0.133317459106445	0.376752685546875	-1.20420727931031	0.433699523925781	0.677283325195313	-0.848868381605236	0.229689331054688	0.0333697128295898	-1.23325443278321	0.208497970581055	0.0381864471435547	-1.28535630808839	0.193474456787109	0.155679641723633	-1.38770763789186	0.245275955200195	0.167672653198242	-1.44829167567262	0.118264945983887	0.642595031738281	-1.02243490992555	0.327837066650391	0.0310012969970703	-0.791101108656017	0.548632873535156	0.905000244140625	-0.964129337415783	0.503624969482422	0.86317333984375	-0.951129825697033	0.00718466472625732	0.935189819335937	-0.859959476575939	0.549389709472656	0.784277893066406	-0.922817142591564	0.0241364974975586	0.816172180175781	-0.774914249525158	0.220298370361328	1.71700842285156	-0.890429477796642	0.0638054275512695	0.901046081542969	-0.827575229749767	0.13684602355957	1.02252886962891	-0.903150882825939	0.348875915527344	0.0574141311645507	-0.575048587904064	0.285659301757813	1.27161865234375	-0.891047580823986	0.279953582763672	1.40186901855469	-0.920116245374767	0.400859588623047	1.03931579589844	-0.916456729993908	0.348451904296875	1.70889526367188	-0.885457126722423
110	1.09	0.545678833007813	1.14677722167969	-0.999867630004883	0.468705902099609	1.48882849121094	-1.01489979553223	0.0874864196777344	1.49795556640625	-1.00236744689941	0.510052703857422	1.34244384765625	-1.01295979309082	0.338160278320312	1.63304443359375	-1.19584111785889	0.010299186706543	1.23711657714844	-0.977043869018555	0.20903825378418	1.6436650390625	-1.02041355895996	0.273078948974609	1.53241442871094	-1.06972785949707	0.00861717796325684	0.881481994628906	-0.878333541870117	0.55663525390625	0.868402282714844	-1.00548136901855	-0.00793716430664062	1.14491796875	-0.955107681274414	0.127530960083008	1.432224609375	-1.0977368927002	0.363772857666016	0.0707723236083984	-0.741504318237305	0.414751678466797	0.527998962402344	-0.80068000793457	0.300329895019531	1.06985168457031	-1.09121934509277	0.279315307617187	1.24776354980469	-1.1247261505127	0.325347747802734	0.057952709197998	-0.527567855834961	0.232986404418945	1.06410278320313	-1.08230018615723	0.13350830078125	0.497631713867188	-1.08115257263184	0.413157836914062	0.373014587402344	-0.764627670288086	0.130973815917969	0.380148864746094	-1.19501942443848	0.436020202636719	0.679787658691406	-0.845733383178711	0.230743682861328	0.0330768623352051	-1.24458572006226	0.209558441162109	0.0405868873596191	-1.29541747379303	0.191862777709961	0.167069290161133	-1.38777374267578	0.244273025512695	0.184146850585937	-1.44608149719238	0.117461723327637	0.641757202148438	-1.01262342834473	0.328151763916016	0.0320411720275879	-0.801829330444336	0.549180297851563	0.906797729492188	-0.962075485229492	0.504318969726563	0.864775939941406	-0.949033279418945	0.00770986747741699	0.937342102050781	-0.860238967895508	0.549918151855469	0.785598510742188	-0.921082656860352	0.0237645778656006	0.817533752441406	-0.775884750366211	0.222215148925781	1.71929870605469	-0.889058639526367	0.0640946807861328	0.902796081542969	-0.82772541809082	0.137794677734375	1.02417980957031	-0.900367904663086	0.34971240234375	0.0531298332214355	-0.584947067260742	0.286428131103516	1.27416052246094	-0.888479049682617	0.281033966064453	1.40432470703125	-0.918068435668945	0.401497955322266	1.04216442871094	-0.913136795043945	0.349858734130859	1.71044055175781	-0.884676528930664
